date,heure,n1,n2,n3,n4,n5,n6,n7,n8,n9,n10,lettre,jackpot_enjeu_eur,jackpot_remporte,total_distribue_eur
08/11/2025,13h,2,7,8,9,18,19,21,23,24,25,A,100000,0,525016
08/11/2025,14h,2,5,6,12,14,15,18,22,23,24,A,200000,1,594403
08/11/2025,15h,1,2,7,10,11,12,15,16,21,22,S,100000,1,524026
08/11/2025,16h,2,3,6,10,11,13,16,17,19,25,E,100000,0,457726
08/11/2025,17h,1,3,4,8,9,10,14,15,19,21,M,200000,0,433349
08/11/2025,18h,4,6,9,11,13,16,18,20,24,25,S,300000,0,520938
08/11/2025,19h,5,6,8,13,14,15,17,19,20,24,E,400000,1,967437
15/11/2025,13h,1,5,12,13,17,20,21,22,24,25,M,100000,0,481089
15/11/2025,14h,2,3,4,6,7,8,18,20,22,25,A,200000,0,409013
15/11/2025,15h,5,7,8,13,16,17,20,22,23,24,E,300000,0,399663
15/11/2025,16h,1,2,4,6,7,18,20,21,23,24,E,400000,0,383435
15/11/2025,17h,3,6,7,8,14,15,16,18,23,25,D,500000,1,901253
15/11/2025,18h,4,5,6,9,16,18,19,20,21,25,A,100000,0,400448
15/11/2025,19h,1,2,3,9,12,13,16,20,22,25,E,200000,0,798224
22/11/2025,13h,2,3,4,5,6,8,9,22,24,25,D,100000,0,452725
22/11/2025,14h,3,4,9,11,15,18,20,21,23,24,D,200000,0,367161
22/11/2025,15h,2,3,7,8,10,12,15,17,18,20,M,300000,1,728402
22/11/2025,16h,1,2,8,12,15,19,20,21,22,24,A,100000,0,356314
22/11/2025,17h,2,6,8,11,12,15,18,19,20,25,S,200000,0,419038
22/11/2025,18h,2,6,7,8,14,18,20,23,24,25,I,300000,1,782018
22/11/2025,19h,1,6,7,13,16,17,18,19,23,24,M,100000,0,579118
29/11/2025,13h,4,7,8,9,12,13,14,16,20,22,I,100000,0,407383
29/11/2025,14h,1,3,6,8,11,14,15,16,19,25,S,200000,0,394174
29/11/2025,15h,1,4,9,11,15,18,20,22,24,25,D,300000,0,439748
29/11/2025,16h,1,2,4,5,8,11,13,17,18,22,E,400000,0,400851
29/11/2025,17h,2,3,5,7,9,10,14,17,18,23,A,500000,1,931481
29/11/2025,18h,3,4,5,6,10,11,14,16,17,24,E,100000,0,367440
29/11/2025,19h,3,4,9,11,14,19,20,21,22,23,D,200000,0,660737
06/12/2025,13h,2,7,9,10,15,16,17,18,21,25,A,100000,0,403511
06/12/2025,14h,1,4,8,12,17,20,21,22,24,25,M,200000,0,382797
06/12/2025,15h,3,6,9,13,14,15,16,20,21,25,I,300000,0,365932
06/12/2025,16h,2,3,4,8,9,12,15,16,22,23,A,400000,0,361701
06/12/2025,17h,2,4,9,10,12,14,16,19,21,23,E,500000,1,934464
06/12/2025,18h,1,3,4,5,7,15,19,21,22,23,M,100000,1,488191
06/12/2025,19h,1,2,5,8,9,12,14,18,19,20,D,100000,1,599800
13/12/2025,13h,2,5,6,7,10,16,17,18,19,24,E,100000,1,452045
13/12/2025,14h,1,3,6,12,14,15,20,21,22,24,S,100000,0,314478
13/12/2025,15h,1,2,4,5,7,12,16,19,22,23,M,200000,0,352421
13/12/2025,16h,4,6,7,8,10,17,18,20,21,22,A,300000,1,636093
13/12/2025,17h,5,9,10,11,12,13,16,22,23,24,I,100000,0,307785
13/12/2025,18h,3,8,9,12,13,14,20,21,23,24,M,200000,0,340181
13/12/2025,19h,3,5,6,8,11,13,14,21,22,24,S,300000,0,741721
20/12/2025,13h,1,3,6,10,11,18,19,20,22,23,E,100000,0,319196
20/12/2025,14h,5,11,17,18,19,20,21,23,24,25,E,200000,0,279991
20/12/2025,15h,2,3,4,6,8,14,17,19,22,25,D,300000,0,367332
20/12/2025,16h,3,5,8,9,10,11,15,17,21,23,E,400000,0,366766
20/12/2025,17h,2,4,8,11,14,16,17,21,24,25,I,500000,1,857387
20/12/2025,18h,2,5,6,7,13,16,17,18,19,25,E,100000,0,349642
20/12/2025,19h,4,5,7,8,13,15,20,21,23,25,S,200000,0,639805
27/12/2025,13h,1,5,7,11,12,15,16,18,19,23,S,100000,1,413451
27/12/2025,14h,5,7,9,12,14,15,20,22,23,25,D,100000,0,309649
27/12/2025,15h,1,3,5,8,9,13,20,22,23,25,M,200000,0,364152
27/12/2025,16h,3,5,7,9,11,13,14,15,18,19,E,300000,0,374590
27/12/2025,17h,2,3,4,5,6,7,15,18,22,25,E,400000,0,342431
27/12/2025,18h,2,3,5,7,9,18,19,22,23,25,D,500000,0,383258
27/12/2025,19h,1,3,5,12,17,19,20,22,24,25,A,600000,0,1074888
03/01/2026,13h,1,5,7,9,13,15,16,19,21,25,D,100000,0,436831
03/01/2026,14h,2,4,5,6,7,10,11,12,23,25,A,200000,0,316915
03/01/2026,15h,5,6,7,12,14,15,17,18,21,24,M,300000,0,278459
03/01/2026,16h,2,3,4,8,13,14,17,20,22,23,I,400000,1,703492
03/01/2026,17h,1,2,4,5,7,11,18,19,22,25,M,100000,0,361835
03/01/2026,18h,2,3,4,5,6,7,12,14,18,19,I,200000,0,329179
03/01/2026,19h,1,4,5,6,8,9,14,18,19,23,E,300000,0,702804
10/01/2026,13h,6,7,11,13,15,16,20,21,24,25,I,100000,0,291508
10/01/2026,14h,5,7,9,12,13,15,18,19,20,21,S,200000,0,295549
10/01/2026,15h,1,3,4,7,8,12,17,22,23,24,A,300000,0,311324
10/01/2026,16h,4,6,7,9,12,13,16,19,21,23,D,400000,0,332960
10/01/2026,17h,1,3,6,7,10,11,14,16,18,25,A,500000,0,353490
10/01/2026,18h,3,5,8,11,15,16,17,23,24,25,I,600000,0,320362
10/01/2026,19h,3,4,5,9,13,15,16,17,21,22,E,700000,0,1120939
17/01/2026,13h,2,3,5,6,7,11,16,18,20,24,M,100000,0,322284
17/01/2026,14h,4,10,11,14,17,19,22,23,24,25,M,200000,0,251994
17/01/2026,15h,2,4,6,7,11,13,18,20,21,23,E,300000,0,317126
17/01/2026,16h,1,2,6,7,11,12,16,17,18,22,I,400000,0,299192
17/01/2026,17h,4,6,8,9,11,12,14,19,22,24,S,500000,0,341412
17/01/2026,18h,2,4,6,8,11,15,18,20,23,24,E,600000,1,1001633
17/01/2026,19h,4,11,14,15,19,20,21,22,23,25,S,100000,0,457158
24/01/2026,13h,1,5,7,11,13,15,18,22,23,24,M,100000,0,325833
24/01/2026,14h,1,2,3,5,8,11,14,18,20,25,D,200000,0,322496
24/01/2026,15h,1,2,5,6,9,14,16,18,22,23,D,300000,0,258765
24/01/2026,16h,2,4,10,11,12,13,14,16,24,25,A,400000,0,262617
24/01/2026,17h,1,3,8,9,12,15,16,20,21,24,D,500000,0,298790
24/01/2026,18h,1,2,5,7,8,14,16,21,24,25,I,600000,0,315982
24/01/2026,19h,3,4,5,6,7,9,15,18,24,25,E,700000,1,1210132
31/01/2026,13h,1,2,5,6,10,12,13,18,21,24,D,100000,1,407088
31/01/2026,14h,1,4,5,7,11,12,14,15,18,23,M,100000,0,269069
31/01/2026,15h,4,6,8,13,15,17,19,20,24,25,A,200000,0,273581
31/01/2026,16h,2,3,4,5,6,8,12,16,19,20,A,300000,0,292416
31/01/2026,17h,3,5,6,7,12,16,19,21,23,25,A,400000,0,328117
31/01/2026,18h,5,6,11,13,14,16,19,23,24,25,M,500000,0,279792
31/01/2026,19h,1,3,7,9,12,14,17,21,24,25,E,600000,0,1115381
07/02/2026,13h,4,8,12,13,14,16,17,18,19,23,E,100000,0,238375
07/02/2026,14h,2,7,10,12,15,16,18,20,23,25,I,200000,0,294569
07/02/2026,15h,3,6,8,9,11,13,14,15,22,24,E,300000,0,273224
07/02/2026,16h,1,4,5,9,15,16,17,19,21,22,A,400000,0,253609
07/02/2026,17h,2,3,4,8,9,11,16,17,19,21,D,500000,1,784265
07/02/2026,18h,3,4,7,8,9,10,11,12,21,25,E,100000,0,327200
07/02/2026,19h,1,4,5,10,14,16,17,18,23,25,E,200000,0,553514
14/02/2026,13h,1,2,4,5,15,16,17,20,21,23,S,100000,0,244761
14/02/2026,14h,3,5,6,7,8,16,17,18,19,20,S,200000,0,260912
14/02/2026,15h,1,4,6,8,10,13,14,17,18,24,I,300000,0,286374
14/02/2026,16h,1,2,3,4,5,9,12,18,20,25,E,400000,0,326822
14/02/2026,17h,1,3,4,7,8,11,12,13,20,23,E,500000,0,343307
14/02/2026,18h,1,4,8,10,14,18,19,22,23,24,A,600000,0,297894
14/02/2026,19h,1,5,8,9,13,14,17,20,23,24,E,700000,1,1156265
21/02/2026,13h,1,3,4,5,10,14,15,21,23,25,D,100000,0,280284
21/02/2026,14h,1,2,3,9,11,12,15,16,22,24,A,200000,0,215744
21/02/2026,15h,2,4,5,7,10,13,14,16,21,22,M,300000,1,552307
21/02/2026,16h,5,9,13,16,17,18,19,21,23,25,D,100000,0,239094
21/02/2026,17h,1,2,4,5,9,14,20,21,23,24,S,200000,0,250512
21/02/2026,18h,2,5,7,8,12,14,17,22,23,25,M,300000,0,315790
21/02/2026,19h,2,4,7,10,11,14,15,19,23,25,I,400000,0,777462
28/02/2026,13h,1,2,7,8,10,12,14,18,24,25,M,100000,0,289405
28/02/2026,14h,1,2,3,4,11,18,21,22,23,24,A,200000,0,232485
28/02/2026,15h,5,7,8,9,10,12,14,18,19,25,M,300000,0,266474
28/02/2026,16h,2,3,6,9,11,16,17,19,21,25,S,400000,0,279964
28/02/2026,17h,3,4,5,6,12,13,14,17,21,23,S,500000,0,262788
28/02/2026,18h,4,5,8,15,16,17,18,19,20,24,A,600000,0,248839
28/02/2026,19h,1,5,9,10,15,17,19,21,22,24,A,700000,0,1115575
07/03/2026,13h,1,7,8,11,15,17,18,19,20,21,A,100000,0,254899
07/03/2026,14h,3,4,10,14,15,17,18,20,21,22,I,200000,0,204354
07/03/2026,15h,1,3,4,6,7,8,10,13,14,18,S,300000,0,294824
07/03/2026,16h,3,4,5,6,11,12,18,20,21,24,A,400000,0,262995
07/03/2026,17h,1,8,11,12,14,16,17,18,19,20,S,500000,0,236609
07/03/2026,18h,5,12,13,14,15,16,20,22,23,24,E,600000,0,243273
07/03/2026,19h,1,4,5,6,8,14,19,21,22,25,E,700000,0,1128933
14/03/2026,13h,2,6,7,9,12,15,16,17,22,23,D,100000,0,304077
14/03/2026,14h,2,3,4,7,9,11,14,20,22,23,D,200000,0,274228
14/03/2026,15h,2,5,7,15,16,18,19,21,24,25,S,300000,0,282895
14/03/2026,16h,5,9,11,12,13,15,16,20,23,24,I,400000,0,258051
14/03/2026,17h,1,2,8,12,13,15,17,21,22,23,A,500000,0,258303
14/03/2026,18h,4,6,8,9,13,18,19,22,24,25,D,600000,0,314984
14/03/2026,19h,3,5,11,15,16,17,21,23,24,25,A,700000,0,1165920
21/03/2026,13h,2,3,6,8,9,14,17,20,22,23,E,100000,1,389292
21/03/2026,14h,1,5,13,18,19,20,21,23,24,25,A,100000,0,239726
21/03/2026,15h,3,7,9,10,11,12,15,16,24,25,M,200000,0,252446
21/03/2026,16h,1,2,3,10,11,13,15,17,18,22,I,300000,0,241503
21/03/2026,17h,1,4,6,7,9,12,15,17,19,22,I,400000,0,333954
21/03/2026,18h,2,3,4,6,11,16,22,23,24,25,I,500000,0,300892
21/03/2026,19h,2,14,15,16,18,19,20,21,23,24,E,600000,0,996773
28/03/2026,13h,1,3,9,12,13,16,17,19,22,24,I,100000,0,322321
28/03/2026,14h,4,7,8,9,10,12,17,19,22,23,E,200000,1,476152
28/03/2026,15h,1,5,9,10,14,15,18,20,21,25,E,100000,0,301567
28/03/2026,16h,1,2,4,6,11,12,16,19,20,22,A,200000,0,295976
28/03/2026,17h,3,5,9,14,16,17,18,19,23,24,M,300000,0,279688
28/03/2026,18h,1,5,11,12,14,15,17,23,24,25,D,400000,0,301333
28/03/2026,19h,1,6,7,10,15,18,20,21,22,24,A,500000,0,972335
04/04/2026,13h,1,2,3,4,13,14,15,19,24,25,S,100000,0,250356
04/04/2026,14h,1,4,5,10,13,18,19,22,24,25,D,200000,0,264364
04/04/2026,15h,1,5,8,10,12,16,18,20,22,24,M,300000,0,319075
04/04/2026,16h,3,6,7,10,12,15,16,18,20,25,M,400000,0,288831
04/04/2026,17h,4,9,10,12,13,14,15,16,17,18,M,500000,0,272857
04/04/2026,18h,3,4,6,7,9,10,12,21,22,23,E,600000,0,299661
04/04/2026,19h,4,8,10,15,16,18,21,22,23,25,I,700000,1,1153477
11/04/2026,13h,1,3,6,8,12,16,18,19,20,24,S,100000,0,287159
11/04/2026,14h,2,3,5,13,16,17,19,20,21,22,A,200000,0,204822
11/04/2026,15h,1,2,6,7,8,9,11,17,20,25,I,300000,1,568935
11/04/2026,16h,1,4,6,8,12,13,20,21,22,25,E,100000,0,264259
11/04/2026,17h,1,2,5,7,10,11,16,17,20,21,I,200000,0,255357
11/04/2026,18h,1,6,11,13,15,17,19,21,22,23,I,300000,0,259697
11/04/2026,19h,1,2,6,10,11,12,13,15,21,24,D,400000,0,786119
18/04/2026,13h,4,5,10,11,18,19,20,23,24,25,I,100000,0,235645
18/04/2026,14h,1,3,7,9,10,13,15,18,19,24,S,200000,0,261483
18/04/2026,15h,2,7,8,10,12,13,17,20,24,25,S,300000,0,253473
18/04/2026,16h,3,4,7,9,14,16,18,19,21,22,M,400000,1,633409
18/04/2026,17h,2,4,8,9,10,12,13,17,20,23,I,100000,0,256050
18/04/2026,18h,3,5,7,9,11,15,17,19,20,25,I,200000,0,355681
18/04/2026,19h,2,5,10,11,12,13,15,17,18,23,I,300000,1,645173
25/04/2026,13h,3,6,7,13,15,16,17,18,22,25,I,100000,1,325593
25/04/2026,14h,2,3,5,7,12,14,16,20,21,25,I,100000,0,227310
25/04/2026,15h,3,5,11,12,14,16,19,20,23,24,M,200000,0,196908
25/04/2026,16h,1,3,6,7,11,13,14,16,20,23,A,300000,0,225038
25/04/2026,17h,1,2,3,4,5,8,13,15,21,25,I,400000,1,654609
25/04/2026,18h,1,2,3,4,7,8,9,12,24,25,I,100000,0,299147
25/04/2026,19h,1,2,3,5,7,8,9,15,18,24,M,200000,0,570488
02/05/2026,13h,1,3,6,7,9,13,15,16,19,24,M,100000,0,277697
02/05/2026,14h,1,5,8,12,17,18,19,20,21,23,E,200000,0,187072
02/05/2026,15h,3,6,7,9,11,12,14,15,16,21,D,300000,0,222423
02/05/2026,16h,3,6,9,10,13,14,16,21,23,24,D,400000,0,209011
02/05/2026,17h,2,4,6,9,18,19,20,21,22,23,S,500000,0,225018
02/05/2026,18h,6,7,10,15,17,18,21,23,24,25,E,600000,0,241190
02/05/2026,19h,1,2,8,14,16,18,22,23,24,25,A,700000,0,1078193
09/05/2026,13h,4,5,7,8,9,13,15,22,23,25,D,100000,0,257655
09/05/2026,14h,1,9,10,11,13,15,18,22,24,25,D,200000,0,218933
09/05/2026,15h,4,5,10,11,12,13,17,19,20,21,M,300000,0,217654
09/05/2026,16h,6,8,9,11,12,14,19,21,23,25,A,400000,0,227834
09/05/2026,17h,4,6,13,14,15,16,19,21,23,24,S,500000,0,217639
09/05/2026,18h,1,2,5,8,10,11,17,18,20,25,I,600000,0,294140
09/05/2026,19h,2,4,5,7,8,12,13,16,20,22,S,700000,0,1164013
16/05/2026,13h,5,8,11,12,13,15,19,22,23,24,M,100000,1,318183
16/05/2026,14h,2,5,6,12,13,15,18,19,20,25,I,100000,0,210990
16/05/2026,15h,3,6,7,12,13,16,17,18,22,25,M,200000,0,238519
16/05/2026,16h,3,5,10,15,16,18,19,23,24,25,I,300000,0,225539
16/05/2026,17h,3,8,10,11,12,16,17,21,23,25,M,400000,1,632325
16/05/2026,18h,1,3,7,14,15,16,17,18,19,20,E,100000,0,212572
16/05/2026,19h,1,6,7,8,11,14,16,18,22,23,M,200000,0,535675
23/05/2026,13h,2,3,4,8,9,12,16,17,19,24,D,100000,1,321787
23/05/2026,14h,1,2,8,9,10,11,13,18,23,25,M,100000,0,202316
23/05/2026,15h,2,3,8,9,12,13,14,17,21,22,M,200000,0,193640
23/05/2026,16h,2,4,8,13,15,16,17,18,19,23,D,300000,0,186497
23/05/2026,17h,1,2,8,11,14,18,20,21,22,24,S,400000,0,205652
23/05/2026,18h,1,2,5,9,10,16,18,19,23,24,A,500000,0,224735
23/05/2026,19h,2,6,8,11,13,15,17,21,22,23,M,600000,0,982138
30/05/2026,13h,7,10,12,13,14,16,22,23,24,25,D,100000,0,192677
30/05/2026,14h,5,6,7,8,10,15,17,19,21,25,I,200000,0,199982
30/05/2026,15h,1,8,9,15,17,18,19,20,22,25,M,300000,0,190557
30/05/2026,16h,1,5,10,11,12,14,16,18,19,23,M,400000,0,199580
30/05/2026,17h,2,3,6,10,14,15,18,20,22,24,M,500000,0,227310
30/05/2026,18h,1,2,7,9,11,13,15,16,20,22,I,600000,0,248438
30/05/2026,19h,1,3,4,8,10,11,13,20,21,23,S,700000,0,1123684
06/06/2026,13h,2,3,6,11,13,15,18,20,23,25,I,100000,0,274509
06/06/2026,14h,7,10,12,13,16,19,20,23,24,25,S,200000,1,403276
06/06/2026,15h,1,7,8,9,10,15,16,18,20,22,S,100000,0,214597
06/06/2026,16h,2,3,5,6,13,17,19,20,23,24,A,200000,0,218785
06/06/2026,17h,2,3,5,8,12,14,17,19,20,22,A,300000,1,551808
06/06/2026,18h,6,7,10,14,15,17,18,22,23,24,S,100000,0,211331
06/06/2026,19h,8,10,11,12,13,15,16,17,23,24,E,200000,0,524201
13/06/2026,13h,2,4,5,9,12,14,18,19,21,25,I,100000,0,245956
13/06/2026,14h,2,4,6,11,13,14,15,17,20,21,I,200000,0,190643
13/06/2026,15h,1,7,9,12,13,14,16,17,19,25,S,300000,0,215101
13/06/2026,16h,3,6,8,9,10,11,12,15,21,22,M,400000,0,216121
13/06/2026,17h,6,9,10,11,12,13,17,20,21,23,A,500000,1,722604
13/06/2026,18h,3,5,8,10,12,14,18,19,20,25,D,100000,1,356666
13/06/2026,19h,2,3,7,8,10,13,15,16,18,24,D,100000,0,449804
20/06/2026,13h,1,2,3,6,7,8,9,15,17,21,A,100000,1,320812
20/06/2026,14h,3,11,13,15,18,19,20,23,24,25,D,100000,0,187258
20/06/2026,15h,5,7,9,12,16,17,19,20,21,23,A,200000,0,190241
20/06/2026,16h,1,2,7,9,15,20,21,22,23,25,A,300000,0,192618
20/06/2026,17h,6,7,8,15,16,17,18,21,22,23,M,400000,1,585155
20/06/2026,18h,8,12,14,15,17,20,21,22,24,25,E,100000,1,291607
20/06/2026,19h,1,2,3,7,11,12,13,14,18,25,D,100000,0,406447
