date,heure,rang,nb_gagnants,gain_unitaire_eur
08/11/2025,13h,10,0,0
08/11/2025,13h,9L,3,1000
08/11/2025,13h,9,34,500
08/11/2025,13h,8L,224,100
08/11/2025,13h,8,1089,50
08/11/2025,13h,7L,2925,14
08/11/2025,13h,7,14316,7
08/11/2025,13h,6L,16468,2
08/11/2025,13h,6,82758,1
08/11/2025,13h,0L,171310,1
08/11/2025,14h,10,1,200000
08/11/2025,14h,9L,7,1000
08/11/2025,14h,9,23,500
08/11/2025,14h,8L,182,100
08/11/2025,14h,8,870,50
08/11/2025,14h,7L,2061,14
08/11/2025,14h,7,10483,7
08/11/2025,14h,6L,11256,2
08/11/2025,14h,6,57183,1
08/11/2025,14h,0L,132273,1
08/11/2025,15h,10,1,100000
08/11/2025,15h,9L,6,1000
08/11/2025,15h,9,21,500
08/11/2025,15h,8L,190,100
08/11/2025,15h,8,984,50
08/11/2025,15h,7L,2309,14
08/11/2025,15h,7,11669,7
08/11/2025,15h,6L,12860,2
08/11/2025,15h,6,64891,1
08/11/2025,15h,0L,134706,1
08/11/2025,16h,10,0,0
08/11/2025,16h,9L,5,1000
08/11/2025,16h,9,41,500
08/11/2025,16h,8L,200,100
08/11/2025,16h,8,1125,50
08/11/2025,16h,7L,2663,14
08/11/2025,16h,7,13201,7
08/11/2025,16h,6L,13650,2
08/11/2025,16h,6,67533,1
08/11/2025,16h,0L,131454,1
08/11/2025,17h,10,0,0
08/11/2025,17h,9L,4,1000
08/11/2025,17h,9,37,500
08/11/2025,17h,8L,205,100
08/11/2025,17h,8,986,50
08/11/2025,17h,7L,2417,14
08/11/2025,17h,7,11753,7
08/11/2025,17h,6L,13185,2
08/11/2025,17h,6,65424,1
08/11/2025,17h,0L,133146,1
08/11/2025,18h,10,0,0
08/11/2025,18h,9L,17,1000
08/11/2025,18h,9,61,500
08/11/2025,18h,8L,320,100
08/11/2025,18h,8,1422,50
08/11/2025,18h,7L,2813,14
08/11/2025,18h,7,14025,7
08/11/2025,18h,6L,13644,2
08/11/2025,18h,6,67796,1
08/11/2025,18h,0L,137697,1
08/11/2025,19h,10,1,400000
08/11/2025,19h,9L,2,1000
08/11/2025,19h,9,31,500
08/11/2025,19h,8L,269,100
08/11/2025,19h,8,1241,50
08/11/2025,19h,7L,3082,14
08/11/2025,19h,7,15032,7
08/11/2025,19h,6L,16999,2
08/11/2025,19h,6,85690,1
08/11/2025,19h,0L,192927,1
15/11/2025,13h,10,0,0
15/11/2025,13h,9L,5,1000
15/11/2025,13h,9,34,500
15/11/2025,13h,8L,222,100
15/11/2025,13h,8,1127,50
15/11/2025,13h,7L,2510,14
15/11/2025,13h,7,13069,7
15/11/2025,13h,6L,14617,2
15/11/2025,13h,6,73024,1
15/11/2025,13h,0L,151658,1
15/11/2025,14h,10,0,0
15/11/2025,14h,9L,3,1000
15/11/2025,14h,9,21,500
15/11/2025,14h,8L,170,100
15/11/2025,14h,8,898,50
15/11/2025,14h,7L,2423,14
15/11/2025,14h,7,12076,7
15/11/2025,14h,6L,12958,2
15/11/2025,14h,6,64964,1
15/11/2025,14h,0L,124279,1
15/11/2025,15h,10,0,0
15/11/2025,15h,9L,4,1000
15/11/2025,15h,9,20,500
15/11/2025,15h,8L,182,100
15/11/2025,15h,8,870,50
15/11/2025,15h,7L,2218,14
15/11/2025,15h,7,10985,7
15/11/2025,15h,6L,12244,2
15/11/2025,15h,6,60587,1
15/11/2025,15h,0L,130941,1
15/11/2025,16h,10,0,0
15/11/2025,16h,9L,4,1000
15/11/2025,16h,9,18,500
15/11/2025,16h,8L,156,100
15/11/2025,16h,8,714,50
15/11/2025,16h,7L,2067,14
15/11/2025,16h,7,10447,7
15/11/2025,16h,6L,12271,2
15/11/2025,16h,6,60900,1
15/11/2025,16h,0L,131626,1
15/11/2025,17h,10,1,500000
15/11/2025,17h,9L,4,1000
15/11/2025,17h,9,21,500
15/11/2025,17h,8L,161,100
15/11/2025,17h,8,881,50
15/11/2025,17h,7L,2246,14
15/11/2025,17h,7,10974,7
15/11/2025,17h,6L,12118,2
15/11/2025,17h,6,60654,1
15/11/2025,17h,0L,133451,1
15/11/2025,18h,10,0,0
15/11/2025,18h,9L,4,1000
15/11/2025,18h,9,26,500
15/11/2025,18h,8L,178,100
15/11/2025,18h,8,802,50
15/11/2025,18h,7L,2104,14
15/11/2025,18h,7,10668,7
15/11/2025,18h,6L,12057,2
15/11/2025,18h,6,61082,1
15/11/2025,18h,0L,136220,1
15/11/2025,19h,10,0,0
15/11/2025,19h,9L,10,1192
15/11/2025,19h,9,49,606.1
15/11/2025,19h,8L,316,125.3
15/11/2025,19h,8,1607,62.4
15/11/2025,19h,7L,3541,18.1
15/11/2025,19h,7,17377,9.8
15/11/2025,19h,6L,18031,3
15/11/2025,19h,6,90125,1.5
15/11/2025,19h,0L,175515,1.1
22/11/2025,13h,10,0,0
22/11/2025,13h,9L,6,1000
22/11/2025,13h,9,39,500
22/11/2025,13h,8L,231,100
22/11/2025,13h,8,1109,50
22/11/2025,13h,7L,2485,14
22/11/2025,13h,7,12213,7
22/11/2025,13h,6L,13540,2
22/11/2025,13h,6,67367,1
22/11/2025,13h,0L,133947,1
22/11/2025,14h,10,0,0
22/11/2025,14h,9L,7,1000
22/11/2025,14h,9,31,500
22/11/2025,14h,8L,161,100
22/11/2025,14h,8,818,50
22/11/2025,14h,7L,1989,14
22/11/2025,14h,7,9871,7
22/11/2025,14h,6L,10685,2
22/11/2025,14h,6,53414,1
22/11/2025,14h,0L,115934,1
22/11/2025,15h,10,1,300000
22/11/2025,15h,9L,7,1000
22/11/2025,15h,9,37,500
22/11/2025,15h,8L,230,100
22/11/2025,15h,8,1051,50
22/11/2025,15h,7L,2484,14
22/11/2025,15h,7,12260,7
22/11/2025,15h,6L,12486,2
22/11/2025,15h,6,62373,1
22/11/2025,15h,0L,119411,1
22/11/2025,16h,10,0,0
22/11/2025,16h,9L,6,1000
22/11/2025,16h,9,23,500
22/11/2025,16h,8L,154,100
22/11/2025,16h,8,701,50
22/11/2025,16h,7L,1857,14
22/11/2025,16h,7,9423,7
22/11/2025,16h,6L,10552,2
22/11/2025,16h,6,54039,1
22/11/2025,16h,0L,121262,1
22/11/2025,17h,10,0,0
22/11/2025,17h,9L,4,1000
22/11/2025,17h,9,33,500
22/11/2025,17h,8L,201,100
22/11/2025,17h,8,1022,50
22/11/2025,17h,7L,2404,14
22/11/2025,17h,7,12021,7
22/11/2025,17h,6L,12356,2
22/11/2025,17h,6,62392,1
22/11/2025,17h,0L,122431,1
22/11/2025,18h,10,1,300000
22/11/2025,18h,9L,10,1000
22/11/2025,18h,9,52,500
22/11/2025,18h,8L,296,100
22/11/2025,18h,8,1396,50
22/11/2025,18h,7L,2649,14
22/11/2025,18h,7,13448,7
22/11/2025,18h,6L,12833,2
22/11/2025,18h,6,62718,1
22/11/2025,18h,0L,127012,1
22/11/2025,19h,10,0,0
22/11/2025,19h,9L,5,1192
22/11/2025,19h,9,30,586.6
22/11/2025,19h,8L,222,118
22/11/2025,19h,8,1019,59.8
22/11/2025,19h,7L,2444,17
22/11/2025,19h,7,12970,8.8
22/11/2025,19h,6L,14594,2.6
22/11/2025,19h,6,73928,1.3
22/11/2025,19h,0L,162448,1.1
29/11/2025,13h,10,0,0
29/11/2025,13h,9L,7,1000
29/11/2025,13h,9,24,500
29/11/2025,13h,8L,177,100
29/11/2025,13h,8,919,50
29/11/2025,13h,7L,2260,14
29/11/2025,13h,7,11651,7
29/11/2025,13h,6L,12310,2
29/11/2025,13h,6,61991,1
29/11/2025,13h,0L,124925,1
29/11/2025,14h,10,0,0
29/11/2025,14h,9L,7,1000
29/11/2025,14h,9,52,500
29/11/2025,14h,8L,212,100
29/11/2025,14h,8,977,50
29/11/2025,14h,7L,2190,14
29/11/2025,14h,7,10667,7
29/11/2025,14h,6L,10639,2
29/11/2025,14h,6,53681,1
29/11/2025,14h,0L,110836,1
29/11/2025,15h,10,0,0
29/11/2025,15h,9L,13,1000
29/11/2025,15h,9,58,500
29/11/2025,15h,8L,234,100
29/11/2025,15h,8,1202,50
29/11/2025,15h,7L,2374,14
29/11/2025,15h,7,12006,7
29/11/2025,15h,6L,11630,2
29/11/2025,15h,6,58444,1
29/11/2025,15h,0L,115266,1
29/11/2025,16h,10,0,0
29/11/2025,16h,9L,8,1000
29/11/2025,16h,9,26,500
29/11/2025,16h,8L,187,100
29/11/2025,16h,8,962,50
29/11/2025,16h,7L,2277,14
29/11/2025,16h,7,11571,7
29/11/2025,16h,6L,11817,2
29/11/2025,16h,6,59638,1
29/11/2025,16h,0L,116904,1
29/11/2025,17h,10,1,500000
29/11/2025,17h,9L,11,1000
29/11/2025,17h,9,36,500
29/11/2025,17h,8L,203,100
29/11/2025,17h,8,1079,50
29/11/2025,17h,7L,2437,14
29/11/2025,17h,7,12237,7
29/11/2025,17h,6L,12594,2
29/11/2025,17h,6,62833,1
29/11/2025,17h,0L,120433,1
29/11/2025,18h,10,0,0
29/11/2025,18h,9L,6,1000
29/11/2025,18h,9,21,500
29/11/2025,18h,8L,161,100
29/11/2025,18h,8,755,50
29/11/2025,18h,7L,1952,14
29/11/2025,18h,7,9806,7
29/11/2025,18h,6L,11138,2
29/11/2025,18h,6,55317,1
29/11/2025,18h,0L,123527,1
29/11/2025,19h,10,0,0
29/11/2025,19h,9L,6,1320
29/11/2025,19h,9,37,640.5
29/11/2025,19h,8L,195,141
29/11/2025,19h,8,964,70.7
29/11/2025,19h,7L,2417,20.1
29/11/2025,19h,7,12351,10.9
29/11/2025,19h,6L,13880,3.3
29/11/2025,19h,6,68922,1.7
29/11/2025,19h,0L,156075,1.2
06/12/2025,13h,10,0,0
06/12/2025,13h,9L,5,1000
06/12/2025,13h,9,17,500
06/12/2025,13h,8L,165,100
06/12/2025,13h,8,923,50
06/12/2025,13h,7L,2241,14
06/12/2025,13h,7,11126,7
06/12/2025,13h,6L,12494,2
06/12/2025,13h,6,62897,1
06/12/2025,13h,0L,130220,1
06/12/2025,14h,10,0,0
06/12/2025,14h,9L,10,1000
06/12/2025,14h,9,34,500
06/12/2025,14h,8L,184,100
06/12/2025,14h,8,936,50
06/12/2025,14h,7L,2049,14
06/12/2025,14h,7,10617,7
06/12/2025,14h,6L,10880,2
06/12/2025,14h,6,54881,1
06/12/2025,14h,0L,110951,1
06/12/2025,15h,10,0,0
06/12/2025,15h,9L,4,1000
06/12/2025,15h,9,36,500
06/12/2025,15h,8L,164,100
06/12/2025,15h,8,762,50
06/12/2025,15h,7L,1921,14
06/12/2025,15h,7,10032,7
06/12/2025,15h,6L,10744,2
06/12/2025,15h,6,54471,1
06/12/2025,15h,0L,116355,1
06/12/2025,16h,10,0,0
06/12/2025,16h,9L,4,1000
06/12/2025,16h,9,28,500
06/12/2025,16h,8L,153,100
06/12/2025,16h,8,791,50
06/12/2025,16h,7L,1875,14
06/12/2025,16h,7,9756,7
06/12/2025,16h,6L,10928,2
06/12/2025,16h,6,54645,1
06/12/2025,16h,0L,117808,1
06/12/2025,17h,10,1,500000
06/12/2025,17h,9L,15,1000
06/12/2025,17h,9,61,500
06/12/2025,17h,8L,208,100
06/12/2025,17h,8,1146,50
06/12/2025,17h,7L,2232,14
06/12/2025,17h,7,11220,7
06/12/2025,17h,6L,11130,2
06/12/2025,17h,6,56134,1
06/12/2025,17h,0L,122682,1
06/12/2025,18h,10,1,100000
06/12/2025,18h,9L,10,1000
06/12/2025,18h,9,24,500
06/12/2025,18h,8L,182,100
06/12/2025,18h,8,783,50
06/12/2025,18h,7L,2085,14
06/12/2025,18h,7,10770,7
06/12/2025,18h,6L,11910,2
06/12/2025,18h,6,58581,1
06/12/2025,18h,0L,121860,1
06/12/2025,19h,10,1,100000
06/12/2025,19h,9L,5,1000
06/12/2025,19h,9,35,500
06/12/2025,19h,8L,237,100
06/12/2025,19h,8,1176,50
06/12/2025,19h,7L,2768,14
06/12/2025,19h,7,14153,7
06/12/2025,19h,6L,15041,2
06/12/2025,19h,6,74651,1
06/12/2025,19h,0L,152244,1
13/12/2025,13h,10,1,100000
13/12/2025,13h,9L,4,1000
13/12/2025,13h,9,17,500
13/12/2025,13h,8L,141,100
13/12/2025,13h,8,799,50
13/12/2025,13h,7L,1874,14
13/12/2025,13h,7,9891,7
13/12/2025,13h,6L,10703,2
13/12/2025,13h,6,53170,1
13/12/2025,13h,0L,115446,1
13/12/2025,14h,10,0,0
13/12/2025,14h,9L,5,1000
13/12/2025,14h,9,17,500
13/12/2025,14h,8L,139,100
13/12/2025,14h,8,753,50
13/12/2025,14h,7L,1714,14
13/12/2025,14h,7,8720,7
13/12/2025,14h,6L,9128,2
13/12/2025,14h,6,46187,1
13/12/2025,14h,0L,99949,1
13/12/2025,15h,10,0,0
13/12/2025,15h,9L,4,1000
13/12/2025,15h,9,33,500
13/12/2025,15h,8L,165,100
13/12/2025,15h,8,863,50
13/12/2025,15h,7L,1999,14
13/12/2025,15h,7,9831,7
13/12/2025,15h,6L,10455,2
13/12/2025,15h,6,51126,1
13/12/2025,15h,0L,103432,1
13/12/2025,16h,10,1,300000
13/12/2025,16h,9L,5,1000
13/12/2025,16h,9,14,500
13/12/2025,16h,8L,156,100
13/12/2025,16h,8,766,50
13/12/2025,16h,7L,1823,14
13/12/2025,16h,7,9346,7
13/12/2025,16h,6L,10392,2
13/12/2025,16h,6,51891,1
13/12/2025,16h,0L,106574,1
13/12/2025,17h,10,0,0
13/12/2025,17h,9L,5,1000
13/12/2025,17h,9,15,500
13/12/2025,17h,8L,121,100
13/12/2025,17h,8,588,50
13/12/2025,17h,7L,1601,14
13/12/2025,17h,7,8015,7
13/12/2025,17h,6L,9332,2
13/12/2025,17h,6,47409,1
13/12/2025,17h,0L,109193,1
13/12/2025,18h,10,0,0
13/12/2025,18h,9L,8,1000
13/12/2025,18h,9,23,500
13/12/2025,18h,8L,138,100
13/12/2025,18h,8,704,50
13/12/2025,18h,7L,1763,14
13/12/2025,18h,7,9029,7
13/12/2025,18h,6L,10237,2
13/12/2025,18h,6,51436,1
13/12/2025,18h,0L,111886,1
13/12/2025,19h,10,0,0
13/12/2025,19h,9L,4,1720
13/12/2025,19h,9,22,854.5
13/12/2025,19h,8L,205,158.5
13/12/2025,19h,8,1110,77
13/12/2025,19h,7L,2571,22.6
13/12/2025,19h,7,12864,12.7
13/12/2025,19h,6L,13642,4.1
13/12/2025,19h,6,68599,2
13/12/2025,19h,0L,141132,1.3
20/12/2025,13h,10,0,0
20/12/2025,13h,9L,4,1000
20/12/2025,13h,9,19,500
20/12/2025,13h,8L,157,100
20/12/2025,13h,8,669,50
20/12/2025,13h,7L,1682,14
20/12/2025,13h,7,8614,7
20/12/2025,13h,6L,9578,2
20/12/2025,13h,6,48353,1
20/12/2025,13h,0L,105191,1
20/12/2025,14h,10,0,0
20/12/2025,14h,9L,5,1000
20/12/2025,14h,9,28,500
20/12/2025,14h,8L,111,100
20/12/2025,14h,8,686,50
20/12/2025,14h,7L,1370,14
20/12/2025,14h,7,6595,7
20/12/2025,14h,6L,7733,2
20/12/2025,14h,6,39304,1
20/12/2025,14h,0L,95476,1
20/12/2025,15h,10,0,0
20/12/2025,15h,9L,11,1000
20/12/2025,15h,9,46,500
20/12/2025,15h,8L,210,100
20/12/2025,15h,8,925,50
20/12/2025,15h,7L,2043,14
20/12/2025,15h,7,10081,7
20/12/2025,15h,6L,9880,2
20/12/2025,15h,6,49083,1
20/12/2025,15h,0L,98070,1
20/12/2025,16h,10,0,0
20/12/2025,16h,9L,5,1000
20/12/2025,16h,9,38,500
20/12/2025,16h,8L,190,100
20/12/2025,16h,8,911,50
20/12/2025,16h,7L,2098,14
20/12/2025,16h,7,10493,7
20/12/2025,16h,6L,10491,2
20/12/2025,16h,6,52136,1
20/12/2025,16h,0L,102275,1
20/12/2025,17h,10,1,500000
20/12/2025,17h,9L,4,1000
20/12/2025,17h,9,27,500
20/12/2025,17h,8L,173,100
20/12/2025,17h,8,973,50
20/12/2025,17h,7L,1956,14
20/12/2025,17h,7,9761,7
20/12/2025,17h,6L,10195,2
20/12/2025,17h,6,50380,1
20/12/2025,17h,0L,107456,1
20/12/2025,18h,10,0,0
20/12/2025,18h,9L,3,1000
20/12/2025,18h,9,28,500
20/12/2025,18h,8L,164,100
20/12/2025,18h,8,833,50
20/12/2025,18h,7L,1920,14
20/12/2025,18h,7,9754,7
20/12/2025,18h,6L,10447,2
20/12/2025,18h,6,52041,1
20/12/2025,18h,0L,106499,1
20/12/2025,19h,10,0,0
20/12/2025,19h,9L,6,1320
20/12/2025,19h,9,29,679.3
20/12/2025,19h,8L,217,136.8
20/12/2025,19h,8,1020,69.6
20/12/2025,19h,7L,2592,19.7
20/12/2025,19h,7,12982,10.7
20/12/2025,19h,6L,13515,3.4
20/12/2025,19h,6,68488,1.7
20/12/2025,19h,0L,132631,1.2
27/12/2025,13h,10,1,100000
27/12/2025,13h,9L,3,1000
27/12/2025,13h,9,16,500
27/12/2025,13h,8L,126,100
27/12/2025,13h,8,706,50
27/12/2025,13h,7L,1714,14
27/12/2025,13h,7,8621,7
27/12/2025,13h,6L,9559,2
27/12/2025,13h,6,48348,1
27/12/2025,13h,0L,102742,1
27/12/2025,14h,10,0,0
27/12/2025,14h,9L,3,1000
27/12/2025,14h,9,27,500
27/12/2025,14h,8L,162,100
27/12/2025,14h,8,796,50
27/12/2025,14h,7L,1747,14
27/12/2025,14h,7,8792,7
27/12/2025,14h,6L,9105,2
27/12/2025,14h,6,44742,1
27/12/2025,14h,0L,88195,1
27/12/2025,15h,10,0,0
27/12/2025,15h,9L,5,1000
27/12/2025,15h,9,33,500
27/12/2025,15h,8L,199,100
27/12/2025,15h,8,1004,50
27/12/2025,15h,7L,2194,14
27/12/2025,15h,7,11103,7
27/12/2025,15h,6L,10450,2
27/12/2025,15h,6,52453,1
27/12/2025,15h,0L,90762,1
27/12/2025,16h,10,0,0
27/12/2025,16h,9L,13,1000
27/12/2025,16h,9,33,500
27/12/2025,16h,8L,228,100
27/12/2025,16h,8,1188,50
27/12/2025,16h,7L,1944,14
27/12/2025,16h,7,10262,7
27/12/2025,16h,6L,9963,2
27/12/2025,16h,6,49712,1
27/12/2025,16h,0L,94202,1
27/12/2025,17h,10,0,0
27/12/2025,17h,9L,3,1000
27/12/2025,17h,9,26,500
27/12/2025,17h,8L,165,100
27/12/2025,17h,8,842,50
27/12/2025,17h,7L,1941,14
27/12/2025,17h,7,9756,7
27/12/2025,17h,6L,10578,2
27/12/2025,17h,6,52820,1
27/12/2025,17h,0L,98389,1
27/12/2025,18h,10,0,0
27/12/2025,18h,9L,7,1000
27/12/2025,18h,9,20,500
27/12/2025,18h,8L,192,100
27/12/2025,18h,8,1045,50
27/12/2025,18h,7L,2332,14
27/12/2025,18h,7,11414,7
27/12/2025,18h,6L,11381,2
27/12/2025,18h,6,57262,1
27/12/2025,18h,0L,102238,1
27/12/2025,19h,10,0,0
27/12/2025,19h,9L,2,3880
27/12/2025,19h,9,42,871.4
27/12/2025,19h,8L,247,197.1
27/12/2025,19h,8,1256,97.7
27/12/2025,19h,7L,2798,29.8
27/12/2025,19h,7,13966,17.5
27/12/2025,19h,6L,14194,6.1
27/12/2025,19h,6,70058,3
27/12/2025,19h,0L,137995,1.7
03/01/2026,13h,10,0,0
03/01/2026,13h,9L,15,1000
03/01/2026,13h,9,70,500
03/01/2026,13h,8L,281,100
03/01/2026,13h,8,1269,50
03/01/2026,13h,7L,2514,14
03/01/2026,13h,7,12560,7
03/01/2026,13h,6L,10940,2
03/01/2026,13h,6,53792,1
03/01/2026,13h,0L,96493,1
03/01/2026,14h,10,0,0
03/01/2026,14h,9L,4,1000
03/01/2026,14h,9,29,500
03/01/2026,14h,8L,147,100
03/01/2026,14h,8,806,50
03/01/2026,14h,7L,1908,14
03/01/2026,14h,7,9333,7
03/01/2026,14h,6L,9433,2
03/01/2026,14h,6,47613,1
03/01/2026,14h,0L,84893,1
03/01/2026,15h,10,0,0
03/01/2026,15h,9L,3,1000
03/01/2026,15h,9,16,500
03/01/2026,15h,8L,118,100
03/01/2026,15h,8,629,50
03/01/2026,15h,7L,1514,14
03/01/2026,15h,7,7471,7
03/01/2026,15h,6L,8148,2
03/01/2026,15h,6,41739,1
03/01/2026,15h,0L,92681,1
03/01/2026,16h,10,1,400000
03/01/2026,16h,9L,4,1000
03/01/2026,16h,9,22,500
03/01/2026,16h,8L,137,100
03/01/2026,16h,8,687,50
03/01/2026,16h,7L,1645,14
03/01/2026,16h,7,8443,7
03/01/2026,16h,6L,9134,2
03/01/2026,16h,6,45339,1
03/01/2026,16h,0L,94704,1
03/01/2026,17h,10,0,0
03/01/2026,17h,9L,4,1000
03/01/2026,17h,9,27,500
03/01/2026,17h,8L,196,100
03/01/2026,17h,8,966,50
03/01/2026,17h,7L,2163,14
03/01/2026,17h,7,11095,7
03/01/2026,17h,6L,10653,2
03/01/2026,17h,6,53828,1
03/01/2026,17h,0L,93354,1
03/01/2026,18h,10,0,0
03/01/2026,18h,9L,5,1000
03/01/2026,18h,9,20,500
03/01/2026,18h,8L,148,100
03/01/2026,18h,8,779,50
03/01/2026,18h,7L,1769,14
03/01/2026,18h,7,9356,7
03/01/2026,18h,6L,10256,2
03/01/2026,18h,6,50931,1
03/01/2026,18h,0L,98728,1
03/01/2026,19h,10,0,0
03/01/2026,19h,9L,6,1480
03/01/2026,19h,9,34,729.4
03/01/2026,19h,8L,211,156.8
03/01/2026,19h,8,976,80.7
03/01/2026,19h,7L,2374,23.3
03/01/2026,19h,7,11445,13.4
03/01/2026,19h,6L,12218,4.3
03/01/2026,19h,6,60940,2.1
03/01/2026,19h,0L,129298,1.3
10/01/2026,13h,10,0,0
10/01/2026,13h,9L,3,1000
10/01/2026,13h,9,18,500
10/01/2026,13h,8L,121,100
10/01/2026,13h,8,653,50
10/01/2026,13h,7L,1592,14
10/01/2026,13h,7,8012,7
10/01/2026,13h,6L,8693,2
10/01/2026,13h,6,44160,1
10/01/2026,13h,0L,94840,1
10/01/2026,14h,10,0,0
10/01/2026,14h,9L,3,1000
10/01/2026,14h,9,22,500
10/01/2026,14h,8L,136,100
10/01/2026,14h,8,686,50
10/01/2026,14h,7L,1766,14
10/01/2026,14h,7,8791,7
10/01/2026,14h,6L,8874,2
10/01/2026,14h,6,44176,1
10/01/2026,14h,0L,85464,1
10/01/2026,15h,10,0,0
10/01/2026,15h,9L,3,1000
10/01/2026,15h,9,25,500
10/01/2026,15h,8L,149,100
10/01/2026,15h,8,785,50
10/01/2026,15h,7L,1785,14
10/01/2026,15h,7,8837,7
10/01/2026,15h,6L,9327,2
10/01/2026,15h,6,46107,1
10/01/2026,15h,0L,90064,1
10/01/2026,16h,10,0,0
10/01/2026,16h,9L,5,1000
10/01/2026,16h,9,35,500
10/01/2026,16h,8L,170,100
10/01/2026,16h,8,918,50
10/01/2026,16h,7L,1818,14
10/01/2026,16h,7,9356,7
10/01/2026,16h,6L,9057,2
10/01/2026,16h,6,46042,1
10/01/2026,16h,0L,92460,1
10/01/2026,17h,10,0,0
10/01/2026,17h,9L,4,1000
10/01/2026,17h,9,31,500
10/01/2026,17h,8L,172,100
10/01/2026,17h,8,992,50
10/01/2026,17h,7L,2077,14
10/01/2026,17h,7,10128,7
10/01/2026,17h,6L,10084,2
10/01/2026,17h,6,50193,1
10/01/2026,17h,0L,96855,1
10/01/2026,18h,10,0,0
10/01/2026,18h,9L,4,1000
10/01/2026,18h,9,25,500
10/01/2026,18h,8L,119,100
10/01/2026,18h,8,768,50
10/01/2026,18h,7L,1715,14
10/01/2026,18h,7,8651,7
10/01/2026,18h,6L,9367,2
10/01/2026,18h,6,47620,1
10/01/2026,18h,0L,102641,1
10/01/2026,19h,10,0,0
10/01/2026,19h,9L,4,2680
10/01/2026,19h,9,24,1258.3
10/01/2026,19h,8L,194,244.3
10/01/2026,19h,8,889,128.7
10/01/2026,19h,7L,2355,36
10/01/2026,19h,7,11676,21.7
10/01/2026,19h,6L,13105,7.1
10/01/2026,19h,6,65052,3.6
10/01/2026,19h,0L,140461,1.8
17/01/2026,13h,10,0,0
17/01/2026,13h,9L,4,1000
17/01/2026,13h,9,20,500
17/01/2026,13h,8L,157,100
17/01/2026,13h,8,781,50
17/01/2026,13h,7L,1978,14
17/01/2026,13h,7,9484,7
17/01/2026,13h,6L,9816,2
17/01/2026,13h,6,48526,1
17/01/2026,13h,0L,91296,1
17/01/2026,14h,10,0,0
17/01/2026,14h,9L,4,1000
17/01/2026,14h,9,15,500
17/01/2026,14h,8L,106,100
17/01/2026,14h,8,538,50
17/01/2026,14h,7L,1334,14
17/01/2026,14h,7,6734,7
17/01/2026,14h,6L,7314,2
17/01/2026,14h,6,36896,1
17/01/2026,14h,0L,85656,1
17/01/2026,15h,10,0,0
17/01/2026,15h,9L,3,1000
17/01/2026,15h,9,29,500
17/01/2026,15h,8L,169,100
17/01/2026,15h,8,865,50
17/01/2026,15h,7L,1764,14
17/01/2026,15h,7,9081,7
17/01/2026,15h,6L,9145,2
17/01/2026,15h,6,45288,1
17/01/2026,15h,0L,87635,1
17/01/2026,16h,10,0,0
17/01/2026,16h,9L,7,1000
17/01/2026,16h,9,33,500
17/01/2026,16h,8L,130,100
17/01/2026,16h,8,645,50
17/01/2026,16h,7L,1613,14
17/01/2026,16h,7,7910,7
17/01/2026,16h,6L,8656,2
17/01/2026,16h,6,42981,1
17/01/2026,16h,0L,92197,1
17/01/2026,17h,10,0,0
17/01/2026,17h,9L,8,1000
17/01/2026,17h,9,34,500
17/01/2026,17h,8L,169,100
17/01/2026,17h,8,929,50
17/01/2026,17h,7L,1832,14
17/01/2026,17h,7,9410,7
17/01/2026,17h,6L,9331,2
17/01/2026,17h,6,46970,1
17/01/2026,17h,0L,95912,1
17/01/2026,18h,10,2,300000
17/01/2026,18h,9L,8,1000
17/01/2026,18h,9,68,500
17/01/2026,18h,8L,224,100
17/01/2026,18h,8,1252,50
17/01/2026,18h,7L,2167,14
17/01/2026,18h,7,10905,7
17/01/2026,18h,6L,9582,2
17/01/2026,18h,6,48941,1
17/01/2026,18h,0L,99855,1
17/01/2026,19h,10,0,0
17/01/2026,19h,9L,5,1192
17/01/2026,19h,9,20,630
17/01/2026,19h,8L,161,124.8
17/01/2026,19h,8,815,62.2
17/01/2026,19h,7L,1859,17.9
17/01/2026,19h,7,9516,9.5
17/01/2026,19h,6L,10884,2.8
17/01/2026,19h,6,53447,1.4
17/01/2026,19h,0L,126212,1.1
24/01/2026,13h,10,0,0
24/01/2026,13h,9L,7,1000
24/01/2026,13h,9,24,500
24/01/2026,13h,8L,180,100
24/01/2026,13h,8,837,50
24/01/2026,13h,7L,1897,14
24/01/2026,13h,7,9330,7
24/01/2026,13h,6L,9439,2
24/01/2026,13h,6,46588,1
24/01/2026,13h,0L,89649,1
24/01/2026,14h,10,0,0
24/01/2026,14h,9L,6,1000
24/01/2026,14h,9,29,500
24/01/2026,14h,8L,200,100
24/01/2026,14h,8,939,50
24/01/2026,14h,7L,1788,14
24/01/2026,14h,7,9524,7
24/01/2026,14h,6L,8778,2
24/01/2026,14h,6,44754,1
24/01/2026,14h,0L,81036,1
24/01/2026,15h,10,0,0
24/01/2026,15h,9L,2,1000
24/01/2026,15h,9,16,500
24/01/2026,15h,8L,117,100
24/01/2026,15h,8,527,50
24/01/2026,15h,7L,1409,14
24/01/2026,15h,7,7028,7
24/01/2026,15h,6L,7779,2
24/01/2026,15h,6,39432,1
24/01/2026,15h,0L,86803,1
24/01/2026,16h,10,0,0
24/01/2026,16h,9L,4,1000
24/01/2026,16h,9,14,500
24/01/2026,16h,8L,117,100
24/01/2026,16h,8,533,50
24/01/2026,16h,7L,1359,14
24/01/2026,16h,7,7095,7
24/01/2026,16h,6L,7987,2
24/01/2026,16h,6,40549,1
24/01/2026,16h,0L,88053,1
24/01/2026,17h,10,0,0
24/01/2026,17h,9L,3,1000
24/01/2026,17h,9,21,500
24/01/2026,17h,8L,147,100
24/01/2026,17h,8,734,50
24/01/2026,17h,7L,1654,14
24/01/2026,17h,7,8301,7
24/01/2026,17h,6L,8631,2
24/01/2026,17h,6,43095,1
24/01/2026,17h,0L,92270,1
24/01/2026,18h,10,0,0
24/01/2026,18h,9L,4,1000
24/01/2026,18h,9,19,500
24/01/2026,18h,8L,161,100
24/01/2026,18h,8,712,50
24/01/2026,18h,7L,1762,14
24/01/2026,18h,7,8951,7
24/01/2026,18h,6L,9408,2
24/01/2026,18h,6,47849,1
24/01/2026,18h,0L,96792,1
24/01/2026,19h,10,1,700000
24/01/2026,19h,9L,6,1000
24/01/2026,19h,9,42,500
24/01/2026,19h,8L,265,100
24/01/2026,19h,8,1221,50
24/01/2026,19h,7L,2979,14
24/01/2026,19h,7,15091,7
24/01/2026,19h,6L,15698,2
24/01/2026,19h,6,77149,1
24/01/2026,19h,0L,139694,1
31/01/2026,13h,10,1,100000
31/01/2026,13h,9L,6,1000
31/01/2026,13h,9,29,500
31/01/2026,13h,8L,155,100
31/01/2026,13h,8,773,50
31/01/2026,13h,7L,1749,14
31/01/2026,13h,7,8576,7
31/01/2026,13h,6L,8721,2
31/01/2026,13h,6,43592,1
31/01/2026,13h,0L,86886,1
31/01/2026,14h,10,0,0
31/01/2026,14h,9L,2,1000
31/01/2026,14h,9,19,500
31/01/2026,14h,8L,135,100
31/01/2026,14h,8,649,50
31/01/2026,14h,7L,1544,14
31/01/2026,14h,7,7778,7
31/01/2026,14h,6L,8171,2
31/01/2026,14h,6,40813,1
31/01/2026,14h,0L,78402,1
31/01/2026,15h,10,0,0
31/01/2026,15h,9L,3,1000
31/01/2026,15h,9,30,500
31/01/2026,15h,8L,150,100
31/01/2026,15h,8,614,50
31/01/2026,15h,7L,1513,14
31/01/2026,15h,7,7341,7
31/01/2026,15h,6L,7834,2
31/01/2026,15h,6,38985,1
31/01/2026,15h,0L,82659,1
31/01/2026,16h,10,0,0
31/01/2026,16h,9L,5,1000
31/01/2026,16h,9,16,500
31/01/2026,16h,8L,141,100
31/01/2026,16h,8,707,50
31/01/2026,16h,7L,1775,14
31/01/2026,16h,7,8499,7
31/01/2026,16h,6L,8851,2
31/01/2026,16h,6,44379,1
31/01/2026,16h,0L,83542,1
31/01/2026,17h,10,0,0
31/01/2026,17h,9L,6,1000
31/01/2026,17h,9,29,500
31/01/2026,17h,8L,184,100
31/01/2026,17h,8,878,50
31/01/2026,17h,7L,1839,14
31/01/2026,17h,7,9450,7
31/01/2026,17h,6L,9427,2
31/01/2026,17h,6,46767,1
31/01/2026,17h,0L,87800,1
31/01/2026,18h,10,0,0
31/01/2026,18h,9L,4,1000
31/01/2026,18h,9,11,500
31/01/2026,18h,8L,115,100
31/01/2026,18h,8,604,50
31/01/2026,18h,7L,1422,14
31/01/2026,18h,7,7639,7
31/01/2026,18h,6L,8484,2
31/01/2026,18h,6,43123,1
31/01/2026,18h,0L,95120,1
31/01/2026,19h,10,0,0
31/01/2026,19h,9L,17,1338.8
31/01/2026,19h,9,75,708
31/01/2026,19h,8L,310,177.4
31/01/2026,19h,8,1460,91
31/01/2026,19h,7L,2961,29
31/01/2026,19h,7,14844,16.9
31/01/2026,19h,6L,13863,6.1
31/01/2026,19h,6,69666,3
31/01/2026,19h,0L,130219,1.7
07/02/2026,13h,10,0,0
07/02/2026,13h,9L,4,1000
07/02/2026,13h,9,14,500
07/02/2026,13h,8L,95,100
07/02/2026,13h,8,434,50
07/02/2026,13h,7L,1238,14
07/02/2026,13h,7,6109,7
07/02/2026,13h,6L,7022,2
07/02/2026,13h,6,34831,1
07/02/2026,13h,0L,87205,1
07/02/2026,14h,10,0,0
07/02/2026,14h,9L,5,1000
07/02/2026,14h,9,36,500
07/02/2026,14h,8L,165,100
07/02/2026,14h,8,862,50
07/02/2026,14h,7L,1673,14
07/02/2026,14h,7,7965,7
07/02/2026,14h,6L,7853,2
07/02/2026,14h,6,39057,1
07/02/2026,14h,0L,78029,1
07/02/2026,15h,10,0,0
07/02/2026,15h,9L,3,1000
07/02/2026,15h,9,18,500
07/02/2026,15h,8L,146,100
07/02/2026,15h,8,649,50
07/02/2026,15h,7L,1546,14
07/02/2026,15h,7,7813,7
07/02/2026,15h,6L,7966,2
07/02/2026,15h,6,39775,1
07/02/2026,15h,0L,82132,1
07/02/2026,16h,10,0,0
07/02/2026,16h,9L,3,1000
07/02/2026,16h,9,20,500
07/02/2026,16h,8L,99,100
07/02/2026,16h,8,533,50
07/02/2026,16h,7L,1324,14
07/02/2026,16h,7,6677,7
07/02/2026,16h,6L,7642,2
07/02/2026,16h,6,37902,1
07/02/2026,16h,0L,85598,1
07/02/2026,17h,10,1,500000
07/02/2026,17h,9L,4,1000
07/02/2026,17h,9,20,500
07/02/2026,17h,8L,119,100
07/02/2026,17h,8,613,50
07/02/2026,17h,7L,1577,14
07/02/2026,17h,7,7922,7
07/02/2026,17h,6L,8705,2
07/02/2026,17h,6,43816,1
07/02/2026,17h,0L,88957,1
07/02/2026,18h,10,0,0
07/02/2026,18h,9L,5,1000
07/02/2026,18h,9,22,500
07/02/2026,18h,8L,166,100
07/02/2026,18h,8,844,50
07/02/2026,18h,7L,1882,14
07/02/2026,18h,7,9707,7
07/02/2026,18h,6L,10138,2
07/02/2026,18h,6,49704,1
07/02/2026,18h,0L,88123,1
07/02/2026,19h,10,0,0
07/02/2026,19h,9L,5,1384
07/02/2026,19h,9,27,692.5
07/02/2026,19h,8L,160,150
07/02/2026,19h,8,814,74.5
07/02/2026,19h,7L,2006,21.3
07/02/2026,19h,7,9773,12
07/02/2026,19h,6L,10759,3.8
07/02/2026,19h,6,55018,1.8
07/02/2026,19h,0L,119444,1.2
14/02/2026,13h,10,0,0
14/02/2026,13h,9L,2,1000
14/02/2026,13h,9,11,500
14/02/2026,13h,8L,92,100
14/02/2026,13h,8,499,50
14/02/2026,13h,7L,1204,14
14/02/2026,13h,7,6186,7
14/02/2026,13h,6L,7384,2
14/02/2026,13h,6,37111,1
14/02/2026,13h,0L,91074,1
14/02/2026,14h,10,0,0
14/02/2026,14h,9L,4,1000
14/02/2026,14h,9,28,500
14/02/2026,14h,8L,128,100
14/02/2026,14h,8,632,50
14/02/2026,14h,7L,1324,14
14/02/2026,14h,7,6681,7
14/02/2026,14h,6L,7516,2
14/02/2026,14h,6,37388,1
14/02/2026,14h,0L,80789,1
14/02/2026,15h,10,0,0
14/02/2026,15h,9L,9,1000
14/02/2026,15h,9,18,500
14/02/2026,15h,8L,142,100
14/02/2026,15h,8,717,50
14/02/2026,15h,7L,1570,14
14/02/2026,15h,7,7992,7
14/02/2026,15h,6L,8157,2
14/02/2026,15h,6,40338,1
14/02/2026,15h,0L,83748,1
14/02/2026,16h,10,0,0
14/02/2026,16h,9L,3,1000
14/02/2026,16h,9,18,500
14/02/2026,16h,8L,175,100
14/02/2026,16h,8,846,50
14/02/2026,16h,7L,2040,14
14/02/2026,16h,7,10291,7
14/02/2026,16h,6L,10052,2
14/02/2026,16h,6,50767,1
14/02/2026,16h,0L,83554,1
14/02/2026,17h,10,0,0
14/02/2026,17h,9L,5,1000
14/02/2026,17h,9,42,500
14/02/2026,17h,8L,189,100
14/02/2026,17h,8,886,50
14/02/2026,17h,7L,1970,14
14/02/2026,17h,7,9764,7
14/02/2026,17h,6L,9783,2
14/02/2026,17h,6,49426,1
14/02/2026,17h,0L,89187,1
14/02/2026,18h,10,0,0
14/02/2026,18h,9L,3,1000
14/02/2026,18h,9,23,500
14/02/2026,18h,8L,152,100
14/02/2026,18h,8,672,50
14/02/2026,18h,7L,1558,14
14/02/2026,18h,7,8005,7
14/02/2026,18h,6L,8538,2
14/02/2026,18h,6,43213,1
14/02/2026,18h,0L,96458,1
14/02/2026,19h,10,2,350000
14/02/2026,19h,9L,6,1000
14/02/2026,19h,9,37,500
14/02/2026,19h,8L,213,100
14/02/2026,19h,8,1082,50
14/02/2026,19h,7L,2602,14
14/02/2026,19h,7,12833,7
14/02/2026,19h,6L,13163,2
14/02/2026,19h,6,65425,1
14/02/2026,19h,0L,138355,1
21/02/2026,13h,10,0,0
21/02/2026,13h,9L,4,1000
21/02/2026,13h,9,33,500
21/02/2026,13h,8L,133,100
21/02/2026,13h,8,652,50
21/02/2026,13h,7L,1559,14
21/02/2026,13h,7,7954,7
21/02/2026,13h,6L,8087,2
21/02/2026,13h,6,40666,1
21/02/2026,13h,0L,79540,1
21/02/2026,14h,10,0,0
21/02/2026,14h,9L,1,1000
21/02/2026,14h,9,12,500
21/02/2026,14h,8L,74,100
21/02/2026,14h,8,447,50
21/02/2026,14h,7L,1238,14
21/02/2026,14h,7,5973,7
21/02/2026,14h,6L,6674,2
21/02/2026,14h,6,33829,1
21/02/2026,14h,0L,72674,1
21/02/2026,15h,10,1,300000
21/02/2026,15h,9L,0,0
21/02/2026,15h,9,21,500
21/02/2026,15h,8L,132,100
21/02/2026,15h,8,609,50
21/02/2026,15h,7L,1490,14
21/02/2026,15h,7,7066,7
21/02/2026,15h,6L,7570,2
21/02/2026,15h,6,37204,1
21/02/2026,15h,0L,75491,1
21/02/2026,16h,10,0,0
21/02/2026,16h,9L,2,1000
21/02/2026,16h,9,5,500
21/02/2026,16h,8L,107,100
21/02/2026,16h,8,559,50
21/02/2026,16h,7L,1472,14
21/02/2026,16h,7,7075,7
21/02/2026,16h,6L,7099,2
21/02/2026,16h,6,35640,1
21/02/2026,16h,0L,75973,1
21/02/2026,17h,10,0,0
21/02/2026,17h,9L,3,1000
21/02/2026,17h,9,18,500
21/02/2026,17h,8L,93,100
21/02/2026,17h,8,550,50
21/02/2026,17h,7L,1442,14
21/02/2026,17h,7,6969,7
21/02/2026,17h,6L,7630,2
21/02/2026,17h,6,38073,1
21/02/2026,17h,0L,79408,1
21/02/2026,18h,10,0,0
21/02/2026,18h,9L,2,1000
21/02/2026,18h,9,37,500
21/02/2026,18h,8L,200,100
21/02/2026,18h,8,883,50
21/02/2026,18h,7L,1708,14
21/02/2026,18h,7,9202,7
21/02/2026,18h,6L,8686,2
21/02/2026,18h,6,43327,1
21/02/2026,18h,0L,82115,1
21/02/2026,19h,10,0,0
21/02/2026,19h,9L,7,1548.5
21/02/2026,19h,9,31,835.4
21/02/2026,19h,8L,198,180.8
21/02/2026,19h,8,1004,89.8
21/02/2026,19h,7L,2291,26.9
21/02/2026,19h,7,11051,15.9
21/02/2026,19h,6L,11011,5.5
21/02/2026,19h,6,55479,2.7
21/02/2026,19h,0L,111383,1.5
28/02/2026,13h,10,0,0
28/02/2026,13h,9L,3,1000
28/02/2026,13h,9,17,500
28/02/2026,13h,8L,166,100
28/02/2026,13h,8,776,50
28/02/2026,13h,7L,1698,14
28/02/2026,13h,7,8552,7
28/02/2026,13h,6L,8761,2
28/02/2026,13h,6,42789,1
28/02/2026,13h,0L,78558,1
28/02/2026,14h,10,0,0
28/02/2026,14h,9L,7,1000
28/02/2026,14h,9,11,500
28/02/2026,14h,8L,124,100
28/02/2026,14h,8,595,50
28/02/2026,14h,7L,1150,14
28/02/2026,14h,7,5943,7
28/02/2026,14h,6L,6779,2
28/02/2026,14h,6,33468,1
28/02/2026,14h,0L,73108,1
28/02/2026,15h,10,0,0
28/02/2026,15h,9L,5,1000
28/02/2026,15h,9,14,500
28/02/2026,15h,8L,133,100
28/02/2026,15h,8,615,50
28/02/2026,15h,7L,1544,14
28/02/2026,15h,7,7871,7
28/02/2026,15h,6L,8499,2
28/02/2026,15h,6,41317,1
28/02/2026,15h,0L,75396,1
28/02/2026,16h,10,0,0
28/02/2026,16h,9L,6,1000
28/02/2026,16h,9,27,500
28/02/2026,16h,8L,140,100
28/02/2026,16h,8,743,50
28/02/2026,16h,7L,1537,14
28/02/2026,16h,7,7750,7
28/02/2026,16h,6L,7885,2
28/02/2026,16h,6,38755,1
28/02/2026,16h,0L,79021,1
28/02/2026,17h,10,0,0
28/02/2026,17h,9L,4,1000
28/02/2026,17h,9,16,500
28/02/2026,17h,8L,130,100
28/02/2026,17h,8,566,50
28/02/2026,17h,7L,1449,14
28/02/2026,17h,7,7199,7
28/02/2026,17h,6L,7962,2
28/02/2026,17h,6,39480,1
28/02/2026,17h,0L,83405,1
28/02/2026,18h,10,0,0
28/02/2026,18h,9L,4,1000
28/02/2026,18h,9,15,500
28/02/2026,18h,8L,96,100
28/02/2026,18h,8,503,50
28/02/2026,18h,7L,1297,14
28/02/2026,18h,7,6313,7
28/02/2026,18h,6L,7412,2
28/02/2026,18h,6,36693,1
28/02/2026,18h,0L,88723,1
28/02/2026,19h,10,0,0
28/02/2026,19h,9L,7,1960
28/02/2026,19h,9,32,1068.7
28/02/2026,19h,8L,192,245.8
28/02/2026,19h,8,1033,117.7
28/02/2026,19h,7L,2254,37
28/02/2026,19h,7,11540,21.9
28/02/2026,19h,6L,12163,7.5
28/02/2026,19h,6,60620,3.8
28/02/2026,19h,0L,126935,1.9
07/03/2026,13h,10,0,0
07/03/2026,13h,9L,2,1000
07/03/2026,13h,9,17,500
07/03/2026,13h,8L,95,100
07/03/2026,13h,8,493,50
07/03/2026,13h,7L,1360,14
07/03/2026,13h,7,6656,7
07/03/2026,13h,6L,8143,2
07/03/2026,13h,6,39897,1
07/03/2026,13h,0L,88434,1
07/03/2026,14h,10,0,0
07/03/2026,14h,9L,2,1000
07/03/2026,14h,9,11,500
07/03/2026,14h,8L,83,100
07/03/2026,14h,8,355,50
07/03/2026,14h,7L,1044,14
07/03/2026,14h,7,5128,7
07/03/2026,14h,6L,6142,2
07/03/2026,14h,6,31310,1
07/03/2026,14h,0L,76698,1
07/03/2026,15h,10,0,0
07/03/2026,15h,9L,5,1000
07/03/2026,15h,9,21,500
07/03/2026,15h,8L,161,100
07/03/2026,15h,8,764,50
07/03/2026,15h,7L,1781,14
07/03/2026,15h,7,8756,7
07/03/2026,15h,6L,8794,2
07/03/2026,15h,6,44178,1
07/03/2026,15h,0L,77032,1
07/03/2026,16h,10,0,0
07/03/2026,16h,9L,5,1000
07/03/2026,16h,9,17,500
07/03/2026,16h,8L,117,100
07/03/2026,16h,8,573,50
07/03/2026,16h,7L,1475,14
07/03/2026,16h,7,7338,7
07/03/2026,16h,6L,8063,2
07/03/2026,16h,6,40481,1
07/03/2026,16h,0L,80522,1
07/03/2026,17h,10,0,0
07/03/2026,17h,9L,4,1000
07/03/2026,17h,9,9,500
07/03/2026,17h,8L,101,100
07/03/2026,17h,8,494,50
07/03/2026,17h,7L,1135,14
07/03/2026,17h,7,6036,7
07/03/2026,17h,6L,7051,2
07/03/2026,17h,6,35048,1
07/03/2026,17h,0L,86017,1
07/03/2026,18h,10,0,0
07/03/2026,18h,9L,1,1000
07/03/2026,18h,9,10,500
07/03/2026,18h,8L,97,100
07/03/2026,18h,8,510,50
07/03/2026,18h,7L,1233,14
07/03/2026,18h,7,6159,7
07/03/2026,18h,6L,7263,2
07/03/2026,18h,6,35807,1
07/03/2026,18h,0L,91365,1
07/03/2026,19h,10,0,0
07/03/2026,19h,9L,8,1840
07/03/2026,19h,9,27,1174
07/03/2026,19h,8L,194,244.3
07/03/2026,19h,8,1008,119.4
07/03/2026,19h,7L,2418,35.4
07/03/2026,19h,7,12643,20.6
07/03/2026,19h,6L,13373,7
07/03/2026,19h,6,66762,3.5
07/03/2026,19h,0L,134136,1.8
14/03/2026,13h,10,0,0
14/03/2026,13h,9L,6,1000
14/03/2026,13h,9,21,500
14/03/2026,13h,8L,128,100
14/03/2026,13h,8,691,50
14/03/2026,13h,7L,1671,14
14/03/2026,13h,7,8154,7
14/03/2026,13h,6L,8903,2
14/03/2026,13h,6,44090,1
14/03/2026,13h,0L,97859,1
14/03/2026,14h,10,0,0
14/03/2026,14h,9L,1,1000
14/03/2026,14h,9,12,500
14/03/2026,14h,8L,134,100
14/03/2026,14h,8,698,50
14/03/2026,14h,7L,1687,14
14/03/2026,14h,7,8184,7
14/03/2026,14h,6L,8513,2
14/03/2026,14h,6,41704,1
14/03/2026,14h,0L,79292,1
14/03/2026,15h,10,0,0
14/03/2026,15h,9L,5,1000
14/03/2026,15h,9,24,500
14/03/2026,15h,8L,133,100
14/03/2026,15h,8,627,50
14/03/2026,15h,7L,1665,14
14/03/2026,15h,7,8050,7
14/03/2026,15h,6L,8309,2
14/03/2026,15h,6,41101,1
14/03/2026,15h,0L,83866,1
14/03/2026,16h,10,0,0
14/03/2026,16h,9L,4,1000
14/03/2026,16h,9,9,500
14/03/2026,16h,8L,155,100
14/03/2026,16h,8,568,50
14/03/2026,16h,7L,1392,14
14/03/2026,16h,7,6704,7
14/03/2026,16h,6L,7463,2
14/03/2026,16h,6,38118,1
14/03/2026,16h,0L,86191,1
14/03/2026,17h,10,0,0
14/03/2026,17h,9L,5,1000
14/03/2026,17h,9,17,500
14/03/2026,17h,8L,75,100
14/03/2026,17h,8,534,50
14/03/2026,17h,7L,1337,14
14/03/2026,17h,7,6741,7
14/03/2026,17h,6L,7995,2
14/03/2026,17h,6,39171,1
14/03/2026,17h,0L,89537,1
14/03/2026,18h,10,0,0
14/03/2026,18h,9L,4,1000
14/03/2026,18h,9,19,500
14/03/2026,18h,8L,138,100
14/03/2026,18h,8,777,50
14/03/2026,18h,7L,1753,14
14/03/2026,18h,7,9174,7
14/03/2026,18h,6L,9443,2
14/03/2026,18h,6,47544,1
14/03/2026,18h,0L,93644,1
14/03/2026,19h,10,0,0
14/03/2026,19h,9L,12,1560
14/03/2026,19h,9,56,825
14/03/2026,19h,8L,198,241.4
14/03/2026,19h,8,1037,117.5
14/03/2026,19h,7L,2562,34.2
14/03/2026,19h,7,12529,20.7
14/03/2026,19h,6L,13916,6.8
14/03/2026,19h,6,68396,3.4
14/03/2026,19h,0L,142894,1.8
21/03/2026,13h,10,1,100000
21/03/2026,13h,9L,3,1000
21/03/2026,13h,9,24,500
21/03/2026,13h,8L,157,100
21/03/2026,13h,8,704,50
21/03/2026,13h,7L,1531,14
21/03/2026,13h,7,8195,7
21/03/2026,13h,6L,8206,2
21/03/2026,13h,6,41255,1
21/03/2026,13h,0L,86926,1
21/03/2026,14h,10,0,0
21/03/2026,14h,9L,2,1000
21/03/2026,14h,9,19,500
21/03/2026,14h,8L,103,100
21/03/2026,14h,8,563,50
21/03/2026,14h,7L,1296,14
21/03/2026,14h,7,6520,7
21/03/2026,14h,6L,7224,2
21/03/2026,14h,6,35898,1
21/03/2026,14h,0L,75646,1
21/03/2026,15h,10,0,0
21/03/2026,15h,9L,2,1000
21/03/2026,15h,9,18,500
21/03/2026,15h,8L,100,100
21/03/2026,15h,8,558,50
21/03/2026,15h,7L,1416,14
21/03/2026,15h,7,6957,7
21/03/2026,15h,6L,8031,2
21/03/2026,15h,6,40242,1
21/03/2026,15h,0L,78719,1
21/03/2026,16h,10,0,0
21/03/2026,16h,9L,2,1000
21/03/2026,16h,9,16,500
21/03/2026,16h,8L,87,100
21/03/2026,16h,8,460,50
21/03/2026,16h,7L,1285,14
21/03/2026,16h,7,6599,7
21/03/2026,16h,6L,7710,2
21/03/2026,16h,6,38305,1
21/03/2026,16h,0L,81895,1
21/03/2026,17h,10,0,0
21/03/2026,17h,9L,6,1000
21/03/2026,17h,9,44,500
21/03/2026,17h,8L,203,100
21/03/2026,17h,8,956,50
21/03/2026,17h,7L,1849,14
21/03/2026,17h,7,9416,7
21/03/2026,17h,6L,8775,2
21/03/2026,17h,6,43889,1
21/03/2026,17h,0L,84617,1
21/03/2026,18h,10,0,0
21/03/2026,18h,9L,10,1000
21/03/2026,18h,9,14,500
21/03/2026,18h,8L,153,100
21/03/2026,18h,8,685,50
21/03/2026,18h,7L,1764,14
21/03/2026,18h,7,8172,7
21/03/2026,18h,6L,8936,2
21/03/2026,18h,6,44021,1
21/03/2026,18h,0L,90549,1
21/03/2026,19h,10,0,0
21/03/2026,19h,9L,4,2440
21/03/2026,19h,9,22,1209
21/03/2026,19h,8L,216,211.1
21/03/2026,19h,8,960,112.5
21/03/2026,19h,7L,2185,34.3
21/03/2026,19h,7,10655,20.8
21/03/2026,19h,6L,11808,6.9
21/03/2026,19h,6,58808,3.4
21/03/2026,19h,0L,143016,1.6
28/03/2026,13h,10,0,0
28/03/2026,13h,9L,2,1000
28/03/2026,13h,9,29,500
28/03/2026,13h,8L,191,100
28/03/2026,13h,8,816,50
28/03/2026,13h,7L,1822,14
28/03/2026,13h,7,9014,7
28/03/2026,13h,6L,9092,2
28/03/2026,13h,6,45932,1
28/03/2026,13h,0L,93199,1
28/03/2026,14h,10,1,200000
28/03/2026,14h,9L,4,1000
28/03/2026,14h,9,12,500
28/03/2026,14h,8L,127,100
28/03/2026,14h,8,648,50
28/03/2026,14h,7L,1599,14
28/03/2026,14h,7,8121,7
28/03/2026,14h,6L,8523,2
28/03/2026,14h,6,42168,1
28/03/2026,14h,0L,82605,1
28/03/2026,15h,10,0,0
28/03/2026,15h,9L,6,1000
28/03/2026,15h,9,26,500
28/03/2026,15h,8L,177,100
28/03/2026,15h,8,774,50
28/03/2026,15h,7L,1649,14
28/03/2026,15h,7,8389,7
28/03/2026,15h,6L,8414,2
28/03/2026,15h,6,42368,1
28/03/2026,15h,0L,85162,1
28/03/2026,16h,10,0,0
28/03/2026,16h,9L,5,1000
28/03/2026,16h,9,30,500
28/03/2026,16h,8L,153,100
28/03/2026,16h,8,653,50
28/03/2026,16h,7L,1646,14
28/03/2026,16h,7,8290,7
28/03/2026,16h,6L,8557,2
28/03/2026,16h,6,42565,1
28/03/2026,16h,0L,87273,1
28/03/2026,17h,10,0,0
28/03/2026,17h,9L,1,1000
28/03/2026,17h,9,19,500
28/03/2026,17h,8L,122,100
28/03/2026,17h,8,589,50
28/03/2026,17h,7L,1532,14
28/03/2026,17h,7,7777,7
28/03/2026,17h,6L,8477,2
28/03/2026,17h,6,42812,1
28/03/2026,17h,0L,91885,1
28/03/2026,18h,10,0,0
28/03/2026,18h,9L,5,1000
28/03/2026,18h,9,16,500
28/03/2026,18h,8L,131,100
28/03/2026,18h,8,630,50
28/03/2026,18h,7L,1685,14
28/03/2026,18h,7,8422,7
28/03/2026,18h,6L,9132,2
28/03/2026,18h,6,45781,1
28/03/2026,18h,0L,97144,1
28/03/2026,19h,10,0,0
28/03/2026,19h,9L,12,1400
28/03/2026,19h,9,27,981.4
28/03/2026,19h,8L,244,181.9
28/03/2026,19h,8,1128,94.3
28/03/2026,19h,7L,2613,28.1
28/03/2026,19h,7,13504,16.1
28/03/2026,19h,6L,14457,5.3
28/03/2026,19h,6,71649,2.6
28/03/2026,19h,0L,149689,1.5
04/04/2026,13h,10,0,0
04/04/2026,13h,9L,6,1000
04/04/2026,13h,9,19,500
04/04/2026,13h,8L,127,100
04/04/2026,13h,8,504,50
04/04/2026,13h,7L,1280,14
04/04/2026,13h,7,6292,7
04/04/2026,13h,6L,7456,2
04/04/2026,13h,6,37331,1
04/04/2026,13h,0L,82749,1
04/04/2026,14h,10,0,0
04/04/2026,14h,9L,2,1000
04/04/2026,14h,9,22,500
04/04/2026,14h,8L,130,100
04/04/2026,14h,8,666,50
04/04/2026,14h,7L,1603,14
04/04/2026,14h,7,7841,7
04/04/2026,14h,6L,7590,2
04/04/2026,14h,6,38375,1
04/04/2026,14h,0L,74180,1
04/04/2026,15h,10,0,0
04/04/2026,15h,9L,9,1000
04/04/2026,15h,9,59,500
04/04/2026,15h,8L,205,100
04/04/2026,15h,8,980,50
04/04/2026,15h,7L,1597,14
04/04/2026,15h,7,8222,7
04/04/2026,15h,6L,7564,2
04/04/2026,15h,6,38435,1
04/04/2026,15h,0L,77600,1
04/04/2026,16h,10,0,0
04/04/2026,16h,9L,3,1000
04/04/2026,16h,9,25,500
04/04/2026,16h,8L,161,100
04/04/2026,16h,8,788,50
04/04/2026,16h,7L,1670,14
04/04/2026,16h,7,8297,7
04/04/2026,16h,6L,8141,2
04/04/2026,16h,6,40950,1
04/04/2026,16h,0L,79140,1
04/04/2026,17h,10,0,0
04/04/2026,17h,9L,11,1000
04/04/2026,17h,9,54,500
04/04/2026,17h,8L,131,100
04/04/2026,17h,8,623,50
04/04/2026,17h,7L,1197,14
04/04/2026,17h,7,5867,7
04/04/2026,17h,6L,6873,2
04/04/2026,17h,6,34109,1
04/04/2026,17h,0L,84925,1
04/04/2026,18h,10,0,0
04/04/2026,18h,9L,3,1000
04/04/2026,18h,9,26,500
04/04/2026,18h,8L,119,100
04/04/2026,18h,8,695,50
04/04/2026,18h,7L,1683,14
04/04/2026,18h,7,8537,7
04/04/2026,18h,6L,9200,2
04/04/2026,18h,6,46631,1
04/04/2026,18h,0L,88659,1
04/04/2026,19h,10,1,700000
04/04/2026,19h,9L,1,1000
04/04/2026,19h,9,36,500
04/04/2026,19h,8L,185,100
04/04/2026,19h,8,965,50
04/04/2026,19h,7L,2542,14
04/04/2026,19h,7,12624,7
04/04/2026,19h,6L,13726,2
04/04/2026,19h,6,68664,1
04/04/2026,19h,0L,147655,1
11/04/2026,13h,10,0,0
11/04/2026,13h,9L,5,1000
11/04/2026,13h,9,22,500
11/04/2026,13h,8L,155,100
11/04/2026,13h,8,746,50
11/04/2026,13h,7L,1679,14
11/04/2026,13h,7,8113,7
11/04/2026,13h,6L,8032,2
11/04/2026,13h,6,40137,1
11/04/2026,13h,0L,81861,1
11/04/2026,14h,10,0,0
11/04/2026,14h,9L,0,0
11/04/2026,14h,9,15,500
11/04/2026,14h,8L,89,100
11/04/2026,14h,8,354,50
11/04/2026,14h,7L,1118,14
11/04/2026,14h,7,5395,7
11/04/2026,14h,6L,6522,2
11/04/2026,14h,6,31809,1
11/04/2026,14h,0L,72452,1
11/04/2026,15h,10,1,300000
11/04/2026,15h,9L,1,1000
11/04/2026,15h,9,24,500
11/04/2026,15h,8L,121,100
11/04/2026,15h,8,650,50
11/04/2026,15h,7L,1615,14
11/04/2026,15h,7,8210,7
11/04/2026,15h,6L,8309,2
11/04/2026,15h,6,41277,1
11/04/2026,15h,0L,73360,1
11/04/2026,16h,10,0,0
11/04/2026,16h,9L,2,1000
11/04/2026,16h,9,26,500
11/04/2026,16h,8L,131,100
11/04/2026,16h,8,686,50
11/04/2026,16h,7L,1480,14
11/04/2026,16h,7,7587,7
11/04/2026,16h,6L,7573,2
11/04/2026,16h,6,38363,1
11/04/2026,16h,0L,74521,1
11/04/2026,17h,10,0,0
11/04/2026,17h,9L,1,1000
11/04/2026,17h,9,15,500
11/04/2026,17h,8L,119,100
11/04/2026,17h,8,613,50
11/04/2026,17h,7L,1454,14
11/04/2026,17h,7,7406,7
11/04/2026,17h,6L,7795,2
11/04/2026,17h,6,38666,1
11/04/2026,17h,0L,77853,1
11/04/2026,18h,10,0,0
11/04/2026,18h,9L,5,1000
11/04/2026,18h,9,15,500
11/04/2026,18h,8L,104,100
11/04/2026,18h,8,601,50
11/04/2026,18h,7L,1454,14
11/04/2026,18h,7,7179,7
11/04/2026,18h,6L,7449,2
11/04/2026,18h,6,37981,1
11/04/2026,18h,0L,83259,1
11/04/2026,19h,10,0,0
11/04/2026,19h,9L,4,1960
11/04/2026,19h,9,26,900
11/04/2026,19h,8L,180,188.8
11/04/2026,19h,8,926,93.1
11/04/2026,19h,7L,2143,27.8
11/04/2026,19h,7,10858,16
11/04/2026,19h,6L,11784,5.2
11/04/2026,19h,6,58961,2.6
11/04/2026,19h,0L,124537,1.5
18/04/2026,13h,10,0,0
18/04/2026,13h,9L,3,1000
18/04/2026,13h,9,27,500
18/04/2026,13h,8L,98,100
18/04/2026,13h,8,523,50
18/04/2026,13h,7L,1241,14
18/04/2026,13h,7,6300,7
18/04/2026,13h,6L,6874,2
18/04/2026,13h,6,34031,1
18/04/2026,13h,0L,73942,1
18/04/2026,14h,10,0,0
18/04/2026,14h,9L,5,1000
18/04/2026,14h,9,24,500
18/04/2026,14h,8L,166,100
18/04/2026,14h,8,763,50
18/04/2026,14h,7L,1492,14
18/04/2026,14h,7,7606,7
18/04/2026,14h,6L,7109,2
18/04/2026,14h,6,35651,1
18/04/2026,14h,0L,65734,1
18/04/2026,15h,10,0,0
18/04/2026,15h,9L,5,1000
18/04/2026,15h,9,27,500
18/04/2026,15h,8L,130,100
18/04/2026,15h,8,648,50
18/04/2026,15h,7L,1411,14
18/04/2026,15h,7,7154,7
18/04/2026,15h,6L,7223,2
18/04/2026,15h,6,36150,1
18/04/2026,15h,0L,69145,1
18/04/2026,16h,10,1,400000
18/04/2026,16h,9L,2,1000
18/04/2026,16h,9,13,500
18/04/2026,16h,8L,121,100
18/04/2026,16h,8,563,50
18/04/2026,16h,7L,1318,14
18/04/2026,16h,7,6585,7
18/04/2026,16h,6L,6978,2
18/04/2026,16h,6,34880,1
18/04/2026,16h,0L,71276,1
18/04/2026,17h,10,0,0
18/04/2026,17h,9L,3,1000
18/04/2026,17h,9,24,500
18/04/2026,17h,8L,129,100
18/04/2026,17h,8,698,50
18/04/2026,17h,7L,1507,14
18/04/2026,17h,7,7144,7
18/04/2026,17h,6L,7104,2
18/04/2026,17h,6,35758,1
18/04/2026,17h,0L,72178,1
18/04/2026,18h,10,0,0
18/04/2026,18h,9L,14,1000
18/04/2026,18h,9,49,500
18/04/2026,18h,8L,247,100
18/04/2026,18h,8,1304,50
18/04/2026,18h,7L,1873,14
18/04/2026,18h,7,9742,7
18/04/2026,18h,6L,8370,2
18/04/2026,18h,6,41421,1
18/04/2026,18h,0L,74704,1
18/04/2026,19h,10,1,300000
18/04/2026,19h,9L,1,1000
18/04/2026,19h,9,22,500
18/04/2026,19h,8L,152,100
18/04/2026,19h,8,732,50
18/04/2026,19h,7L,1961,14
18/04/2026,19h,7,9730,7
18/04/2026,19h,6L,10664,2
18/04/2026,19h,6,53083,1
18/04/2026,19h,0L,111398,1
25/04/2026,13h,10,1,100000
25/04/2026,13h,9L,5,1000
25/04/2026,13h,9,14,500
25/04/2026,13h,8L,103,100
25/04/2026,13h,8,497,50
25/04/2026,13h,7L,1241,14
25/04/2026,13h,7,6113,7
25/04/2026,13h,6L,6712,2
25/04/2026,13h,6,33881,1
25/04/2026,13h,0L,70973,1
25/04/2026,14h,10,0,0
25/04/2026,14h,9L,7,1000
25/04/2026,14h,9,15,500
25/04/2026,14h,8L,120,100
25/04/2026,14h,8,586,50
25/04/2026,14h,7L,1329,14
25/04/2026,14h,7,6297,7
25/04/2026,14h,6L,6587,2
25/04/2026,14h,6,32854,1
25/04/2026,14h,0L,62797,1
25/04/2026,15h,10,0,0
25/04/2026,15h,9L,2,1000
25/04/2026,15h,9,13,500
25/04/2026,15h,8L,83,100
25/04/2026,15h,8,426,50
25/04/2026,15h,7L,971,14
25/04/2026,15h,7,5284,7
25/04/2026,15h,6L,5833,2
25/04/2026,15h,6,29747,1
25/04/2026,15h,0L,66813,1
25/04/2026,16h,10,0,0
25/04/2026,16h,9L,1,1000
25/04/2026,16h,9,18,500
25/04/2026,16h,8L,125,100
25/04/2026,16h,8,547,50
25/04/2026,16h,7L,1203,14
25/04/2026,16h,7,6327,7
25/04/2026,16h,6L,6690,2
25/04/2026,16h,6,33098,1
25/04/2026,16h,0L,67579,1
25/04/2026,17h,10,1,400000
25/04/2026,17h,9L,7,1000
25/04/2026,17h,9,18,500
25/04/2026,17h,8L,118,100
25/04/2026,17h,8,603,50
25/04/2026,17h,7L,1481,14
25/04/2026,17h,7,7395,7
25/04/2026,17h,6L,7914,2
25/04/2026,17h,6,38611,1
25/04/2026,17h,0L,69721,1
25/04/2026,18h,10,0,0
25/04/2026,18h,9L,6,1000
25/04/2026,18h,9,34,500
25/04/2026,18h,8L,174,100
25/04/2026,18h,8,866,50
25/04/2026,18h,7L,1759,14
25/04/2026,18h,7,8759,7
25/04/2026,18h,6L,8615,2
25/04/2026,18h,6,41892,1
25/04/2026,18h,0L,70386,1
25/04/2026,19h,10,0,0
25/04/2026,19h,9L,5,1384
25/04/2026,19h,9,23,726
25/04/2026,19h,8L,201,139.8
25/04/2026,19h,8,939,71.2
25/04/2026,19h,7L,2342,20.3
25/04/2026,19h,7,11815,11.1
25/04/2026,19h,6L,11499,3.6
25/04/2026,19h,6,56527,1.8
25/04/2026,19h,0L,100061,1.3
02/05/2026,13h,10,0,0
02/05/2026,13h,9L,6,1000
02/05/2026,13h,9,34,500
02/05/2026,13h,8L,146,100
02/05/2026,13h,8,784,50
02/05/2026,13h,7L,1563,14
02/05/2026,13h,7,8031,7
02/05/2026,13h,6L,7502,2
02/05/2026,13h,6,38076,1
02/05/2026,13h,0L,69718,1
02/05/2026,14h,10,0,0
02/05/2026,14h,9L,1,1000
02/05/2026,14h,9,6,500
02/05/2026,14h,8L,81,100
02/05/2026,14h,8,368,50
02/05/2026,14h,7L,1051,14
02/05/2026,14h,7,5105,7
02/05/2026,14h,6L,5963,2
02/05/2026,14h,6,29726,1
02/05/2026,14h,0L,64471,1
02/05/2026,15h,10,0,0
02/05/2026,15h,9L,4,1000
02/05/2026,15h,9,10,500
02/05/2026,15h,8L,101,100
02/05/2026,15h,8,528,50
02/05/2026,15h,7L,1246,14
02/05/2026,15h,7,6504,7
02/05/2026,15h,6L,6711,2
02/05/2026,15h,6,33475,1
02/05/2026,15h,0L,67054,1
02/05/2026,16h,10,0,0
02/05/2026,16h,9L,3,1000
02/05/2026,16h,9,10,500
02/05/2026,16h,8L,90,100
02/05/2026,16h,8,478,50
02/05/2026,16h,7L,1077,14
02/05/2026,16h,7,5701,7
02/05/2026,16h,6L,6286,2
02/05/2026,16h,6,31030,1
02/05/2026,16h,0L,69524,1
02/05/2026,17h,10,0,0
02/05/2026,17h,9L,3,1000
02/05/2026,17h,9,14,500
02/05/2026,17h,8L,101,100
02/05/2026,17h,8,509,50
02/05/2026,17h,7L,1211,14
02/05/2026,17h,7,6120,7
02/05/2026,17h,6L,6461,2
02/05/2026,17h,6,33395,1
02/05/2026,17h,0L,73357,1
02/05/2026,18h,10,0,0
02/05/2026,18h,9L,3,1000
02/05/2026,18h,9,20,500
02/05/2026,18h,8L,99,100
02/05/2026,18h,8,509,50
02/05/2026,18h,7L,1293,14
02/05/2026,18h,7,6496,7
02/05/2026,18h,6L,7382,2
02/05/2026,18h,6,36287,1
02/05/2026,18h,0L,78215,1
02/05/2026,19h,10,0,0
02/05/2026,19h,9L,5,2344
02/05/2026,19h,9,29,1127.5
02/05/2026,19h,8L,152,284.2
02/05/2026,19h,8,828,134.5
02/05/2026,19h,7L,2127,38.3
02/05/2026,19h,7,10646,23.1
02/05/2026,19h,6L,11732,7.7
02/05/2026,19h,6,57619,3.9
02/05/2026,19h,0L,124618,1.9
09/05/2026,13h,10,0,0
09/05/2026,13h,9L,3,1000
09/05/2026,13h,9,20,500
09/05/2026,13h,8L,134,100
09/05/2026,13h,8,615,50
09/05/2026,13h,7L,1445,14
09/05/2026,13h,7,7307,7
09/05/2026,13h,6L,8092,2
09/05/2026,13h,6,39937,1
09/05/2026,13h,0L,73005,1
09/05/2026,14h,10,0,0
09/05/2026,14h,9L,2,1000
09/05/2026,14h,9,19,500
09/05/2026,14h,8L,89,100
09/05/2026,14h,8,535,50
09/05/2026,14h,7L,1191,14
09/05/2026,14h,7,6161,7
09/05/2026,14h,6L,6474,2
09/05/2026,14h,6,32549,1
09/05/2026,14h,0L,66485,1
09/05/2026,15h,10,0,0
09/05/2026,15h,9L,3,1000
09/05/2026,15h,9,19,500
09/05/2026,15h,8L,92,100
09/05/2026,15h,8,520,50
09/05/2026,15h,7L,1143,14
09/05/2026,15h,7,5684,7
09/05/2026,15h,6L,6355,2
09/05/2026,15h,6,31911,1
09/05/2026,15h,0L,69543,1
09/05/2026,16h,10,0,0
09/05/2026,16h,9L,3,1000
09/05/2026,16h,9,12,500
09/05/2026,16h,8L,111,100
09/05/2026,16h,8,523,50
09/05/2026,16h,7L,1315,14
09/05/2026,16h,7,6358,7
09/05/2026,16h,6L,6749,2
09/05/2026,16h,6,33760,1
09/05/2026,16h,0L,71410,1
09/05/2026,17h,10,0,0
09/05/2026,17h,9L,2,1000
09/05/2026,17h,9,12,500
09/05/2026,17h,8L,92,100
09/05/2026,17h,8,503,50
09/05/2026,17h,7L,1178,14
09/05/2026,17h,7,5520,7
09/05/2026,17h,6L,6352,2
09/05/2026,17h,6,31343,1
09/05/2026,17h,0L,76110,1
09/05/2026,18h,10,0,0
09/05/2026,18h,9L,2,1000
09/05/2026,18h,9,34,500
09/05/2026,18h,8L,140,100
09/05/2026,18h,8,806,50
09/05/2026,18h,7L,1680,14
09/05/2026,18h,7,8632,7
09/05/2026,18h,6L,8356,2
09/05/2026,18h,6,41718,1
09/05/2026,18h,0L,78466,1
09/05/2026,19h,10,0,0
09/05/2026,19h,9L,10,1672
09/05/2026,19h,9,44,913.6
09/05/2026,19h,8L,266,205.2
09/05/2026,19h,8,1293,104.1
09/05/2026,19h,7L,2677,33.3
09/05/2026,19h,7,13393,19.8
09/05/2026,19h,6L,13507,7
09/05/2026,19h,6,67535,3.5
09/05/2026,19h,0L,129257,1.8
16/05/2026,13h,10,1,100000
16/05/2026,13h,9L,2,1000
16/05/2026,13h,9,13,500
16/05/2026,13h,8L,83,100
16/05/2026,13h,8,482,50
16/05/2026,13h,7L,1208,14
16/05/2026,13h,7,6008,7
16/05/2026,13h,6L,6539,2
16/05/2026,13h,6,32639,1
16/05/2026,13h,0L,72598,1
16/05/2026,14h,10,0,0
16/05/2026,14h,9L,6,1000
16/05/2026,14h,9,17,500
16/05/2026,14h,8L,93,100
16/05/2026,14h,8,445,50
16/05/2026,14h,7L,1154,14
16/05/2026,14h,7,5851,7
16/05/2026,14h,6L,6311,2
16/05/2026,14h,6,31310,1
16/05/2026,14h,0L,63895,1
16/05/2026,15h,10,0,0
16/05/2026,15h,9L,4,1000
16/05/2026,15h,9,41,500
16/05/2026,15h,8L,125,100
16/05/2026,15h,8,516,50
16/05/2026,15h,7L,1329,14
16/05/2026,15h,7,6184,7
16/05/2026,15h,6L,6575,2
16/05/2026,15h,6,33326,1
16/05/2026,15h,0L,67349,1
16/05/2026,16h,10,0,0
16/05/2026,16h,9L,1,1000
16/05/2026,16h,9,16,500
16/05/2026,16h,8L,118,100
16/05/2026,16h,8,531,50
16/05/2026,16h,7L,1283,14
16/05/2026,16h,7,6372,7
16/05/2026,16h,6L,6526,2
16/05/2026,16h,6,33343,1
16/05/2026,16h,0L,69228,1
16/05/2026,17h,10,1,400000
16/05/2026,17h,9L,6,1000
16/05/2026,17h,9,16,500
16/05/2026,17h,8L,105,100
16/05/2026,17h,8,507,50
16/05/2026,17h,7L,1230,14
16/05/2026,17h,7,6380,7
16/05/2026,17h,6L,6844,2
16/05/2026,17h,6,34105,1
16/05/2026,17h,0L,72802,1
16/05/2026,18h,10,0,0
16/05/2026,18h,9L,2,1000
16/05/2026,18h,9,16,500
16/05/2026,18h,8L,78,100
16/05/2026,18h,8,416,50
16/05/2026,18h,7L,1122,14
16/05/2026,18h,7,5544,7
16/05/2026,18h,6L,6170,2
16/05/2026,18h,6,31859,1
16/05/2026,18h,0L,75257,1
16/05/2026,19h,10,0,0
16/05/2026,19h,9L,4,1480
16/05/2026,19h,9,24,716.6
16/05/2026,19h,8L,170,147
16/05/2026,19h,8,811,74.6
16/05/2026,19h,7L,1892,21.8
16/05/2026,19h,7,9632,12.1
16/05/2026,19h,6L,10187,3.9
16/05/2026,19h,6,50968,1.9
16/05/2026,19h,0L,110587,1.2
23/05/2026,13h,10,1,100000
23/05/2026,13h,9L,8,1000
23/05/2026,13h,9,14,500
23/05/2026,13h,8L,117,100
23/05/2026,13h,8,499,50
23/05/2026,13h,7L,1157,14
23/05/2026,13h,7,6196,7
23/05/2026,13h,6L,6380,2
23/05/2026,13h,6,32004,1
23/05/2026,13h,0L,65803,1
23/05/2026,14h,10,0,0
23/05/2026,14h,9L,5,1000
23/05/2026,14h,9,16,500
23/05/2026,14h,8L,94,100
23/05/2026,14h,8,447,50
23/05/2026,14h,7L,1136,14
23/05/2026,14h,7,5681,7
23/05/2026,14h,6L,6003,2
23/05/2026,14h,6,30726,1
23/05/2026,14h,0L,59163,1
23/05/2026,15h,10,0,0
23/05/2026,15h,9L,1,1000
23/05/2026,15h,9,8,500
23/05/2026,15h,8L,100,100
23/05/2026,15h,8,463,50
23/05/2026,15h,7L,1086,14
23/05/2026,15h,7,5335,7
23/05/2026,15h,6L,5716,2
23/05/2026,15h,6,29116,1
23/05/2026,15h,0L,62393,1
23/05/2026,16h,10,0,0
23/05/2026,16h,9L,4,1000
23/05/2026,16h,9,8,500
23/05/2026,16h,8L,72,100
23/05/2026,16h,8,407,50
23/05/2026,16h,7L,938,14
23/05/2026,16h,7,4950,7
23/05/2026,16h,6L,5616,2
23/05/2026,16h,6,27873,1
23/05/2026,16h,0L,64060,1
23/05/2026,17h,10,0,0
23/05/2026,17h,9L,2,1000
23/05/2026,17h,9,13,500
23/05/2026,17h,8L,80,100
23/05/2026,17h,8,475,50
23/05/2026,17h,7L,1214,14
23/05/2026,17h,7,5525,7
23/05/2026,17h,6L,6136,2
23/05/2026,17h,6,30293,1
23/05/2026,17h,0L,67166,1
23/05/2026,18h,10,0,0
23/05/2026,18h,9L,2,1000
23/05/2026,18h,9,18,500
23/05/2026,18h,8L,104,100
23/05/2026,18h,8,521,50
23/05/2026,18h,7L,1189,14
23/05/2026,18h,7,6125,7
23/05/2026,18h,6L,6787,2
23/05/2026,18h,6,33578,1
23/05/2026,18h,0L,70612,1
23/05/2026,19h,10,0,0
23/05/2026,19h,9L,3,2920
23/05/2026,19h,9,26,1100
23/05/2026,19h,8L,214,212.1
23/05/2026,19h,8,994,110.3
23/05/2026,19h,7L,2167,34.5
23/05/2026,19h,7,10904,20.5
23/05/2026,19h,6L,11326,7.1
23/05/2026,19h,6,55350,3.6
23/05/2026,19h,0L,117657,1.8
30/05/2026,13h,10,0,0
30/05/2026,13h,9L,2,1000
30/05/2026,13h,9,7,500
30/05/2026,13h,8L,96,100
30/05/2026,13h,8,383,50
30/05/2026,13h,7L,1037,14
30/05/2026,13h,7,5182,7
30/05/2026,13h,6L,5742,2
30/05/2026,13h,6,29603,1
30/05/2026,13h,0L,66548,1
30/05/2026,14h,10,0,0
30/05/2026,14h,9L,2,1000
30/05/2026,14h,9,8,500
30/05/2026,14h,8L,114,100
30/05/2026,14h,8,484,50
30/05/2026,14h,7L,1093,14
30/05/2026,14h,7,5721,7
30/05/2026,14h,6L,6164,2
30/05/2026,14h,6,30540,1
30/05/2026,14h,0L,60165,1
30/05/2026,15h,10,0,0
30/05/2026,15h,9L,1,1000
30/05/2026,15h,9,14,500
30/05/2026,15h,8L,74,100
30/05/2026,15h,8,384,50
30/05/2026,15h,7L,1041,14
30/05/2026,15h,7,5150,7
30/05/2026,15h,6L,5908,2
30/05/2026,15h,6,29599,1
30/05/2026,15h,0L,63918,1
30/05/2026,16h,10,0,0
30/05/2026,16h,9L,2,1000
30/05/2026,16h,9,9,500
30/05/2026,16h,8L,87,100
30/05/2026,16h,8,450,50
30/05/2026,16h,7L,1152,14
30/05/2026,16h,7,5384,7
30/05/2026,16h,6L,5912,2
30/05/2026,16h,6,29986,1
30/05/2026,16h,0L,66254,1
30/05/2026,17h,10,0,0
30/05/2026,17h,9L,3,1000
30/05/2026,17h,9,13,500
30/05/2026,17h,8L,120,100
30/05/2026,17h,8,604,50
30/05/2026,17h,7L,1303,14
30/05/2026,17h,7,6339,7
30/05/2026,17h,6L,6205,2
30/05/2026,17h,6,31425,1
30/05/2026,17h,0L,69160,1
30/05/2026,18h,10,0,0
30/05/2026,18h,9L,1,1000
30/05/2026,18h,9,19,500
30/05/2026,18h,8L,124,100
30/05/2026,18h,8,626,50
30/05/2026,18h,7L,1427,14
30/05/2026,18h,7,7092,7
30/05/2026,18h,6L,7436,2
30/05/2026,18h,6,36665,1
30/05/2026,18h,0L,73079,1
30/05/2026,19h,10,0,0
30/05/2026,19h,9L,4,2680
30/05/2026,19h,9,37,991.8
30/05/2026,19h,8L,217,229
30/05/2026,19h,8,1079,114.8
30/05/2026,19h,7L,2428,35.3
30/05/2026,19h,7,12425,20.8
30/05/2026,19h,6L,13263,7.1
30/05/2026,19h,6,65603,3.5
30/05/2026,19h,0L,130433,1.8
06/06/2026,13h,10,0,0
06/06/2026,13h,9L,10,1000
06/06/2026,13h,9,35,500
06/06/2026,13h,8L,151,100
06/06/2026,13h,8,714,50
06/06/2026,13h,7L,1528,14
06/06/2026,13h,7,7459,7
06/06/2026,13h,6L,7365,2
06/06/2026,13h,6,36499,1
06/06/2026,13h,0L,71375,1
06/06/2026,14h,10,1,200000
06/06/2026,14h,9L,3,1000
06/06/2026,14h,9,16,500
06/06/2026,14h,8L,81,100
06/06/2026,14h,8,467,50
06/06/2026,14h,7L,1108,14
06/06/2026,14h,7,5564,7
06/06/2026,14h,6L,5897,2
06/06/2026,14h,6,30078,1
06/06/2026,14h,0L,64494,1
06/06/2026,15h,10,0,0
06/06/2026,15h,9L,5,1000
06/06/2026,15h,9,10,500
06/06/2026,15h,8L,103,100
06/06/2026,15h,8,496,50
06/06/2026,15h,7L,1198,14
06/06/2026,15h,7,5897,7
06/06/2026,15h,6L,6517,2
06/06/2026,15h,6,32512,1
06/06/2026,15h,0L,65900,1
06/06/2026,16h,10,0,0
06/06/2026,16h,9L,5,1000
06/06/2026,16h,9,19,500
06/06/2026,16h,8L,112,100
06/06/2026,16h,8,475,50
06/06/2026,16h,7L,1175,14
06/06/2026,16h,7,5755,7
06/06/2026,16h,6L,6479,2
06/06/2026,16h,6,32124,1
06/06/2026,16h,0L,67518,1
06/06/2026,17h,10,1,300000
06/06/2026,17h,9L,7,1000
06/06/2026,17h,9,29,500
06/06/2026,17h,8L,130,100
06/06/2026,17h,8,628,50
06/06/2026,17h,7L,1433,14
06/06/2026,17h,7,6761,7
06/06/2026,17h,6L,6984,2
06/06/2026,17h,6,34367,1
06/06/2026,17h,0L,70184,1
06/06/2026,18h,10,0,0
06/06/2026,18h,9L,3,1000
06/06/2026,18h,9,10,500
06/06/2026,18h,8L,79,100
06/06/2026,18h,8,462,50
06/06/2026,18h,7L,1063,14
06/06/2026,18h,7,5571,7
06/06/2026,18h,6L,6418,2
06/06/2026,18h,6,31229,1
06/06/2026,18h,0L,74387,1
06/06/2026,19h,10,0,0
06/06/2026,19h,9L,6,1320
06/06/2026,19h,9,24,716.6
06/06/2026,19h,8L,141,156.7
06/06/2026,19h,8,739,77
06/06/2026,19h,7L,1754,22.4
06/06/2026,19h,7,8852,12.5
06/06/2026,19h,6L,9477,4
06/06/2026,19h,6,48497,2
06/06/2026,19h,0L,112703,1.2
13/06/2026,13h,10,0,0
13/06/2026,13h,9L,6,1000
13/06/2026,13h,9,23,500
13/06/2026,13h,8L,130,100
13/06/2026,13h,8,666,50
13/06/2026,13h,7L,1391,14
13/06/2026,13h,7,6814,7
13/06/2026,13h,6L,6813,2
13/06/2026,13h,6,33986,1
13/06/2026,13h,0L,67372,1
13/06/2026,14h,10,0,0
13/06/2026,14h,9L,4,1000
13/06/2026,14h,9,11,500
13/06/2026,14h,8L,81,100
13/06/2026,14h,8,421,50
13/06/2026,14h,7L,1017,14
13/06/2026,14h,7,5329,7
13/06/2026,14h,6L,5535,2
13/06/2026,14h,6,27727,1
13/06/2026,14h,0L,61655,1
13/06/2026,15h,10,0,0
13/06/2026,15h,9L,5,1000
13/06/2026,15h,9,12,500
13/06/2026,15h,8L,102,100
13/06/2026,15h,8,478,50
13/06/2026,15h,7L,1216,14
13/06/2026,15h,7,6107,7
13/06/2026,15h,6L,6600,2
13/06/2026,15h,6,32946,1
13/06/2026,15h,0L,64082,1
13/06/2026,16h,10,0,0
13/06/2026,16h,9L,3,1000
13/06/2026,16h,9,15,500
13/06/2026,16h,8L,99,100
13/06/2026,16h,8,493,50
13/06/2026,16h,7L,1193,14
13/06/2026,16h,7,6077,7
13/06/2026,16h,6L,6489,2
13/06/2026,16h,6,32773,1
13/06/2026,16h,0L,66079,1
13/06/2026,17h,10,1,500000
13/06/2026,17h,9L,3,1000
13/06/2026,17h,9,14,500
13/06/2026,17h,8L,114,100
13/06/2026,17h,8,564,50
13/06/2026,17h,7L,1159,14
13/06/2026,17h,7,5931,7
13/06/2026,17h,6L,6491,2
13/06/2026,17h,6,32483,1
13/06/2026,17h,0L,69796,1
13/06/2026,18h,10,1,100000
13/06/2026,18h,9L,5,1000
13/06/2026,18h,9,23,500
13/06/2026,18h,8L,129,100
13/06/2026,18h,8,700,50
13/06/2026,18h,7L,1485,14
13/06/2026,18h,7,7241,7
13/06/2026,18h,6L,7364,2
13/06/2026,18h,6,36232,1
13/06/2026,18h,0L,69829,1
13/06/2026,19h,10,0,0
13/06/2026,19h,9L,8,1120
13/06/2026,19h,9,26,600
13/06/2026,19h,8L,194,120.6
13/06/2026,19h,8,854,61.7
13/06/2026,19h,7L,2063,17.5
13/06/2026,19h,7,10154,9.4
13/06/2026,19h,6L,10455,2.9
13/06/2026,19h,6,52734,1.4
13/06/2026,19h,0L,103144,1.1
20/06/2026,13h,10,1,100000
20/06/2026,13h,9L,1,1000
20/06/2026,13h,9,19,500
20/06/2026,13h,8L,114,100
20/06/2026,13h,8,569,50
20/06/2026,13h,7L,1356,14
20/06/2026,13h,7,6455,7
20/06/2026,13h,6L,6537,2
20/06/2026,13h,6,32968,1
20/06/2026,13h,0L,60251,1
20/06/2026,14h,10,0,0
20/06/2026,14h,9L,3,1000
20/06/2026,14h,9,11,500
20/06/2026,14h,8L,94,100
20/06/2026,14h,8,450,50
20/06/2026,14h,7L,1046,14
20/06/2026,14h,7,5389,7
20/06/2026,14h,6L,5513,2
20/06/2026,14h,6,27089,1
20/06/2026,14h,0L,56376,1
20/06/2026,15h,10,0,0
20/06/2026,15h,9L,1,1000
20/06/2026,15h,9,12,500
20/06/2026,15h,8L,66,100
20/06/2026,15h,8,477,50
20/06/2026,15h,7L,1146,14
20/06/2026,15h,7,5475,7
20/06/2026,15h,6L,5623,2
20/06/2026,15h,6,28790,1
20/06/2026,15h,0L,58386,1
20/06/2026,16h,10,0,0
20/06/2026,16h,9L,4,1000
20/06/2026,16h,9,9,500
20/06/2026,16h,8L,73,100
20/06/2026,16h,8,431,50
20/06/2026,16h,7L,1081,14
20/06/2026,16h,7,5418,7
20/06/2026,16h,6L,6137,2
20/06/2026,16h,6,30189,1
20/06/2026,16h,0L,59745,1
20/06/2026,17h,10,1,400000
20/06/2026,17h,9L,5,1000
20/06/2026,17h,9,11,500
20/06/2026,17h,8L,77,100
20/06/2026,17h,8,387,50
20/06/2026,17h,7L,943,14
20/06/2026,17h,7,4707,7
20/06/2026,17h,6L,5232,2
20/06/2026,17h,6,26329,1
20/06/2026,17h,0L,64661,1
20/06/2026,18h,10,1,100000
20/06/2026,18h,9L,4,1000
20/06/2026,18h,9,9,500
20/06/2026,18h,8L,87,100
20/06/2026,18h,8,395,50
20/06/2026,18h,7L,1021,14
20/06/2026,18h,7,4915,7
20/06/2026,18h,6L,5775,2
20/06/2026,18h,6,28234,1
20/06/2026,18h,0L,66174,1
20/06/2026,19h,10,0,0
20/06/2026,19h,9L,6,1160
20/06/2026,19h,9,21,623.8
20/06/2026,19h,8L,144,127.7
20/06/2026,19h,8,728,63.7
20/06/2026,19h,7L,1857,17.9
20/06/2026,19h,7,9165,9.6
20/06/2026,19h,6L,9933,2.9
20/06/2026,19h,6,49157,1.4
20/06/2026,19h,0L,93432,1.1
