date,heure,rang,nb_gagnants,gain_unitaire_eur,gain_total_eur
08/11/2025,13h,10,0,0,0
08/11/2025,13h,9L,3,1000,3000
08/11/2025,13h,9,34,500,17000
08/11/2025,13h,8L,224,100,22400
08/11/2025,13h,8,1089,50,54450
08/11/2025,13h,7L,2925,14,40950
08/11/2025,13h,7,14316,7,100212
08/11/2025,13h,6L,16468,2,32936
08/11/2025,13h,6,82758,1,82758
08/11/2025,13h,0L,171310,1,171310
08/11/2025,14h,10,1,200000,200000
08/11/2025,14h,9L,7,1000,7000
08/11/2025,14h,9,23,500,11500
08/11/2025,14h,8L,182,100,18200
08/11/2025,14h,8,870,50,43500
08/11/2025,14h,7L,2061,14,28854
08/11/2025,14h,7,10483,7,73381
08/11/2025,14h,6L,11256,2,22512
08/11/2025,14h,6,57183,1,57183
08/11/2025,14h,0L,132273,1,132273
08/11/2025,15h,10,1,100000,100000
08/11/2025,15h,9L,6,1000,6000
08/11/2025,15h,9,21,500,10500
08/11/2025,15h,8L,190,100,19000
08/11/2025,15h,8,984,50,49200
08/11/2025,15h,7L,2309,14,32326
08/11/2025,15h,7,11669,7,81683
08/11/2025,15h,6L,12860,2,25720
08/11/2025,15h,6,64891,1,64891
08/11/2025,15h,0L,134706,1,134706
08/11/2025,16h,10,0,0,0
08/11/2025,16h,9L,5,1000,5000
08/11/2025,16h,9,41,500,20500
08/11/2025,16h,8L,200,100,20000
08/11/2025,16h,8,1125,50,56250
08/11/2025,16h,7L,2663,14,37282
08/11/2025,16h,7,13201,7,92407
08/11/2025,16h,6L,13650,2,27300
08/11/2025,16h,6,67533,1,67533
08/11/2025,16h,0L,131454,1,131454
08/11/2025,17h,10,0,0,0
08/11/2025,17h,9L,4,1000,4000
08/11/2025,17h,9,37,500,18500
08/11/2025,17h,8L,205,100,20500
08/11/2025,17h,8,986,50,49300
08/11/2025,17h,7L,2417,14,33838
08/11/2025,17h,7,11753,7,82271
08/11/2025,17h,6L,13185,2,26370
08/11/2025,17h,6,65424,1,65424
08/11/2025,17h,0L,133146,1,133146
08/11/2025,18h,10,0,0,0
08/11/2025,18h,9L,17,1000,17000
08/11/2025,18h,9,61,500,30500
08/11/2025,18h,8L,320,100,32000
08/11/2025,18h,8,1422,50,71100
08/11/2025,18h,7L,2813,14,39382
08/11/2025,18h,7,14025,7,98175
08/11/2025,18h,6L,13644,2,27288
08/11/2025,18h,6,67796,1,67796
08/11/2025,18h,0L,137697,1,137697
08/11/2025,19h,10,1,400000,400000
08/11/2025,19h,9L,2,1000,2000
08/11/2025,19h,9,31,500,15500
08/11/2025,19h,8L,269,100,26900
08/11/2025,19h,8,1241,50,62050
08/11/2025,19h,7L,3082,14,43148
08/11/2025,19h,7,15032,7,105224
08/11/2025,19h,6L,16999,2,33998
08/11/2025,19h,6,85690,1,85690
08/11/2025,19h,0L,192927,1,192927
15/11/2025,13h,10,0,0,0
15/11/2025,13h,9L,5,1000,5000
15/11/2025,13h,9,34,500,17000
15/11/2025,13h,8L,222,100,22200
15/11/2025,13h,8,1127,50,56350
15/11/2025,13h,7L,2510,14,35140
15/11/2025,13h,7,13069,7,91483
15/11/2025,13h,6L,14617,2,29234
15/11/2025,13h,6,73024,1,73024
15/11/2025,13h,0L,151658,1,151658
15/11/2025,14h,10,0,0,0
15/11/2025,14h,9L,3,1000,3000
15/11/2025,14h,9,21,500,10500
15/11/2025,14h,8L,170,100,17000
15/11/2025,14h,8,898,50,44900
15/11/2025,14h,7L,2423,14,33922
15/11/2025,14h,7,12076,7,84532
15/11/2025,14h,6L,12958,2,25916
15/11/2025,14h,6,64964,1,64964
15/11/2025,14h,0L,124279,1,124279
15/11/2025,15h,10,0,0,0
15/11/2025,15h,9L,4,1000,4000
15/11/2025,15h,9,20,500,10000
15/11/2025,15h,8L,182,100,18200
15/11/2025,15h,8,870,50,43500
15/11/2025,15h,7L,2218,14,31052
15/11/2025,15h,7,10985,7,76895
15/11/2025,15h,6L,12244,2,24488
15/11/2025,15h,6,60587,1,60587
15/11/2025,15h,0L,130941,1,130941
15/11/2025,16h,10,0,0,0
15/11/2025,16h,9L,4,1000,4000
15/11/2025,16h,9,18,500,9000
15/11/2025,16h,8L,156,100,15600
15/11/2025,16h,8,714,50,35700
15/11/2025,16h,7L,2067,14,28938
15/11/2025,16h,7,10447,7,73129
15/11/2025,16h,6L,12271,2,24542
15/11/2025,16h,6,60900,1,60900
15/11/2025,16h,0L,131626,1,131626
15/11/2025,17h,10,1,500000,500000
15/11/2025,17h,9L,4,1000,4000
15/11/2025,17h,9,21,500,10500
15/11/2025,17h,8L,161,100,16100
15/11/2025,17h,8,881,50,44050
15/11/2025,17h,7L,2246,14,31444
15/11/2025,17h,7,10974,7,76818
15/11/2025,17h,6L,12118,2,24236
15/11/2025,17h,6,60654,1,60654
15/11/2025,17h,0L,133451,1,133451
15/11/2025,18h,10,0,0,0
15/11/2025,18h,9L,4,1000,4000
15/11/2025,18h,9,26,500,13000
15/11/2025,18h,8L,178,100,17800
15/11/2025,18h,8,802,50,40100
15/11/2025,18h,7L,2104,14,29456
15/11/2025,18h,7,10668,7,74676
15/11/2025,18h,6L,12057,2,24114
15/11/2025,18h,6,61082,1,61082
15/11/2025,18h,0L,136220,1,136220
15/11/2025,19h,10,0,0,0
15/11/2025,19h,9L,10,1192,11920
15/11/2025,19h,9,49,606.1,29698.9
15/11/2025,19h,8L,316,125.3,39594.8
15/11/2025,19h,8,1607,62.4,100276.8
15/11/2025,19h,7L,3541,18.1,64092.1
15/11/2025,19h,7,17377,9.8,170294.6
15/11/2025,19h,6L,18031,3,54093
15/11/2025,19h,6,90125,1.5,135187.5
15/11/2025,19h,0L,175515,1.1,193066.5
22/11/2025,13h,10,0,0,0
22/11/2025,13h,9L,6,1000,6000
22/11/2025,13h,9,39,500,19500
22/11/2025,13h,8L,231,100,23100
22/11/2025,13h,8,1109,50,55450
22/11/2025,13h,7L,2485,14,34790
22/11/2025,13h,7,12213,7,85491
22/11/2025,13h,6L,13540,2,27080
22/11/2025,13h,6,67367,1,67367
22/11/2025,13h,0L,133947,1,133947
22/11/2025,14h,10,0,0,0
22/11/2025,14h,9L,7,1000,7000
22/11/2025,14h,9,31,500,15500
22/11/2025,14h,8L,161,100,16100
22/11/2025,14h,8,818,50,40900
22/11/2025,14h,7L,1989,14,27846
22/11/2025,14h,7,9871,7,69097
22/11/2025,14h,6L,10685,2,21370
22/11/2025,14h,6,53414,1,53414
22/11/2025,14h,0L,115934,1,115934
22/11/2025,15h,10,1,300000,300000
22/11/2025,15h,9L,7,1000,7000
22/11/2025,15h,9,37,500,18500
22/11/2025,15h,8L,230,100,23000
22/11/2025,15h,8,1051,50,52550
22/11/2025,15h,7L,2484,14,34776
22/11/2025,15h,7,12260,7,85820
22/11/2025,15h,6L,12486,2,24972
22/11/2025,15h,6,62373,1,62373
22/11/2025,15h,0L,119411,1,119411
22/11/2025,16h,10,0,0,0
22/11/2025,16h,9L,6,1000,6000
22/11/2025,16h,9,23,500,11500
22/11/2025,16h,8L,154,100,15400
22/11/2025,16h,8,701,50,35050
22/11/2025,16h,7L,1857,14,25998
22/11/2025,16h,7,9423,7,65961
22/11/2025,16h,6L,10552,2,21104
22/11/2025,16h,6,54039,1,54039
22/11/2025,16h,0L,121262,1,121262
22/11/2025,17h,10,0,0,0
22/11/2025,17h,9L,4,1000,4000
22/11/2025,17h,9,33,500,16500
22/11/2025,17h,8L,201,100,20100
22/11/2025,17h,8,1022,50,51100
22/11/2025,17h,7L,2404,14,33656
22/11/2025,17h,7,12021,7,84147
22/11/2025,17h,6L,12356,2,24712
22/11/2025,17h,6,62392,1,62392
22/11/2025,17h,0L,122431,1,122431
22/11/2025,18h,10,1,300000,300000
22/11/2025,18h,9L,10,1000,10000
22/11/2025,18h,9,52,500,26000
22/11/2025,18h,8L,296,100,29600
22/11/2025,18h,8,1396,50,69800
22/11/2025,18h,7L,2649,14,37086
22/11/2025,18h,7,13448,7,94136
22/11/2025,18h,6L,12833,2,25666
22/11/2025,18h,6,62718,1,62718
22/11/2025,18h,0L,127012,1,127012
22/11/2025,19h,10,0,0,0
22/11/2025,19h,9L,5,1192,5960
22/11/2025,19h,9,30,586.6,17598
22/11/2025,19h,8L,222,118,26196
22/11/2025,19h,8,1019,59.8,60936.2
22/11/2025,19h,7L,2444,17,41548
22/11/2025,19h,7,12970,8.8,114136
22/11/2025,19h,6L,14594,2.6,37944.4
22/11/2025,19h,6,73928,1.3,96106.4
22/11/2025,19h,0L,162448,1.1,178692.8
29/11/2025,13h,10,0,0,0
29/11/2025,13h,9L,7,1000,7000
29/11/2025,13h,9,24,500,12000
29/11/2025,13h,8L,177,100,17700
29/11/2025,13h,8,919,50,45950
29/11/2025,13h,7L,2260,14,31640
29/11/2025,13h,7,11651,7,81557
29/11/2025,13h,6L,12310,2,24620
29/11/2025,13h,6,61991,1,61991
29/11/2025,13h,0L,124925,1,124925
29/11/2025,14h,10,0,0,0
29/11/2025,14h,9L,7,1000,7000
29/11/2025,14h,9,52,500,26000
29/11/2025,14h,8L,212,100,21200
29/11/2025,14h,8,977,50,48850
29/11/2025,14h,7L,2190,14,30660
29/11/2025,14h,7,10667,7,74669
29/11/2025,14h,6L,10639,2,21278
29/11/2025,14h,6,53681,1,53681
29/11/2025,14h,0L,110836,1,110836
29/11/2025,15h,10,0,0,0
29/11/2025,15h,9L,13,1000,13000
29/11/2025,15h,9,58,500,29000
29/11/2025,15h,8L,234,100,23400
29/11/2025,15h,8,1202,50,60100
29/11/2025,15h,7L,2374,14,33236
29/11/2025,15h,7,12006,7,84042
29/11/2025,15h,6L,11630,2,23260
29/11/2025,15h,6,58444,1,58444
29/11/2025,15h,0L,115266,1,115266
29/11/2025,16h,10,0,0,0
29/11/2025,16h,9L,8,1000,8000
29/11/2025,16h,9,26,500,13000
29/11/2025,16h,8L,187,100,18700
29/11/2025,16h,8,962,50,48100
29/11/2025,16h,7L,2277,14,31878
29/11/2025,16h,7,11571,7,80997
29/11/2025,16h,6L,11817,2,23634
29/11/2025,16h,6,59638,1,59638
29/11/2025,16h,0L,116904,1,116904
29/11/2025,17h,10,1,500000,500000
29/11/2025,17h,9L,11,1000,11000
29/11/2025,17h,9,36,500,18000
29/11/2025,17h,8L,203,100,20300
29/11/2025,17h,8,1079,50,53950
29/11/2025,17h,7L,2437,14,34118
29/11/2025,17h,7,12237,7,85659
29/11/2025,17h,6L,12594,2,25188
29/11/2025,17h,6,62833,1,62833
29/11/2025,17h,0L,120433,1,120433
29/11/2025,18h,10,0,0,0
29/11/2025,18h,9L,6,1000,6000
29/11/2025,18h,9,21,500,10500
29/11/2025,18h,8L,161,100,16100
29/11/2025,18h,8,755,50,37750
29/11/2025,18h,7L,1952,14,27328
29/11/2025,18h,7,9806,7,68642
29/11/2025,18h,6L,11138,2,22276
29/11/2025,18h,6,55317,1,55317
29/11/2025,18h,0L,123527,1,123527
29/11/2025,19h,10,0,0,0
29/11/2025,19h,9L,6,1320,7920
29/11/2025,19h,9,37,640.5,23698.5
29/11/2025,19h,8L,195,141,27495
29/11/2025,19h,8,964,70.7,68154.8
29/11/2025,19h,7L,2417,20.1,48581.7
29/11/2025,19h,7,12351,10.9,134625.9
29/11/2025,19h,6L,13880,3.3,45804
29/11/2025,19h,6,68922,1.7,117167.4
29/11/2025,19h,0L,156075,1.2,187290
06/12/2025,13h,10,0,0,0
06/12/2025,13h,9L,5,1000,5000
06/12/2025,13h,9,17,500,8500
06/12/2025,13h,8L,165,100,16500
06/12/2025,13h,8,923,50,46150
06/12/2025,13h,7L,2241,14,31374
06/12/2025,13h,7,11126,7,77882
06/12/2025,13h,6L,12494,2,24988
06/12/2025,13h,6,62897,1,62897
06/12/2025,13h,0L,130220,1,130220
06/12/2025,14h,10,0,0,0
06/12/2025,14h,9L,10,1000,10000
06/12/2025,14h,9,34,500,17000
06/12/2025,14h,8L,184,100,18400
06/12/2025,14h,8,936,50,46800
06/12/2025,14h,7L,2049,14,28686
06/12/2025,14h,7,10617,7,74319
06/12/2025,14h,6L,10880,2,21760
06/12/2025,14h,6,54881,1,54881
06/12/2025,14h,0L,110951,1,110951
06/12/2025,15h,10,0,0,0
06/12/2025,15h,9L,4,1000,4000
06/12/2025,15h,9,36,500,18000
06/12/2025,15h,8L,164,100,16400
06/12/2025,15h,8,762,50,38100
06/12/2025,15h,7L,1921,14,26894
06/12/2025,15h,7,10032,7,70224
06/12/2025,15h,6L,10744,2,21488
06/12/2025,15h,6,54471,1,54471
06/12/2025,15h,0L,116355,1,116355
06/12/2025,16h,10,0,0,0
06/12/2025,16h,9L,4,1000,4000
06/12/2025,16h,9,28,500,14000
06/12/2025,16h,8L,153,100,15300
06/12/2025,16h,8,791,50,39550
06/12/2025,16h,7L,1875,14,26250
06/12/2025,16h,7,9756,7,68292
06/12/2025,16h,6L,10928,2,21856
06/12/2025,16h,6,54645,1,54645
06/12/2025,16h,0L,117808,1,117808
06/12/2025,17h,10,1,500000,500000
06/12/2025,17h,9L,15,1000,15000
06/12/2025,17h,9,61,500,30500
06/12/2025,17h,8L,208,100,20800
06/12/2025,17h,8,1146,50,57300
06/12/2025,17h,7L,2232,14,31248
06/12/2025,17h,7,11220,7,78540
06/12/2025,17h,6L,11130,2,22260
06/12/2025,17h,6,56134,1,56134
06/12/2025,17h,0L,122682,1,122682
06/12/2025,18h,10,1,100000,100000
06/12/2025,18h,9L,10,1000,10000
06/12/2025,18h,9,24,500,12000
06/12/2025,18h,8L,182,100,18200
06/12/2025,18h,8,783,50,39150
06/12/2025,18h,7L,2085,14,29190
06/12/2025,18h,7,10770,7,75390
06/12/2025,18h,6L,11910,2,23820
06/12/2025,18h,6,58581,1,58581
06/12/2025,18h,0L,121860,1,121860
06/12/2025,19h,10,1,100000,100000
06/12/2025,19h,9L,5,1000,5000
06/12/2025,19h,9,35,500,17500
06/12/2025,19h,8L,237,100,23700
06/12/2025,19h,8,1176,50,58800
06/12/2025,19h,7L,2768,14,38752
06/12/2025,19h,7,14153,7,99071
06/12/2025,19h,6L,15041,2,30082
06/12/2025,19h,6,74651,1,74651
06/12/2025,19h,0L,152244,1,152244
13/12/2025,13h,10,1,100000,100000
13/12/2025,13h,9L,4,1000,4000
13/12/2025,13h,9,17,500,8500
13/12/2025,13h,8L,141,100,14100
13/12/2025,13h,8,799,50,39950
13/12/2025,13h,7L,1874,14,26236
13/12/2025,13h,7,9891,7,69237
13/12/2025,13h,6L,10703,2,21406
13/12/2025,13h,6,53170,1,53170
13/12/2025,13h,0L,115446,1,115446
13/12/2025,14h,10,0,0,0
13/12/2025,14h,9L,5,1000,5000
13/12/2025,14h,9,17,500,8500
13/12/2025,14h,8L,139,100,13900
13/12/2025,14h,8,753,50,37650
13/12/2025,14h,7L,1714,14,23996
13/12/2025,14h,7,8720,7,61040
13/12/2025,14h,6L,9128,2,18256
13/12/2025,14h,6,46187,1,46187
13/12/2025,14h,0L,99949,1,99949
13/12/2025,15h,10,0,0,0
13/12/2025,15h,9L,4,1000,4000
13/12/2025,15h,9,33,500,16500
13/12/2025,15h,8L,165,100,16500
13/12/2025,15h,8,863,50,43150
13/12/2025,15h,7L,1999,14,27986
13/12/2025,15h,7,9831,7,68817
13/12/2025,15h,6L,10455,2,20910
13/12/2025,15h,6,51126,1,51126
13/12/2025,15h,0L,103432,1,103432
13/12/2025,16h,10,1,300000,300000
13/12/2025,16h,9L,5,1000,5000
13/12/2025,16h,9,14,500,7000
13/12/2025,16h,8L,156,100,15600
13/12/2025,16h,8,766,50,38300
13/12/2025,16h,7L,1823,14,25522
13/12/2025,16h,7,9346,7,65422
13/12/2025,16h,6L,10392,2,20784
13/12/2025,16h,6,51891,1,51891
13/12/2025,16h,0L,106574,1,106574
13/12/2025,17h,10,0,0,0
13/12/2025,17h,9L,5,1000,5000
13/12/2025,17h,9,15,500,7500
13/12/2025,17h,8L,121,100,12100
13/12/2025,17h,8,588,50,29400
13/12/2025,17h,7L,1601,14,22414
13/12/2025,17h,7,8015,7,56105
13/12/2025,17h,6L,9332,2,18664
13/12/2025,17h,6,47409,1,47409
13/12/2025,17h,0L,109193,1,109193
13/12/2025,18h,10,0,0,0
13/12/2025,18h,9L,8,1000,8000
13/12/2025,18h,9,23,500,11500
13/12/2025,18h,8L,138,100,13800
13/12/2025,18h,8,704,50,35200
13/12/2025,18h,7L,1763,14,24682
13/12/2025,18h,7,9029,7,63203
13/12/2025,18h,6L,10237,2,20474
13/12/2025,18h,6,51436,1,51436
13/12/2025,18h,0L,111886,1,111886
13/12/2025,19h,10,0,0,0
13/12/2025,19h,9L,4,1720,6880
13/12/2025,19h,9,22,854.5,18799
13/12/2025,19h,8L,205,158.5,32492.5
13/12/2025,19h,8,1110,77,85470
13/12/2025,19h,7L,2571,22.6,58104.6
13/12/2025,19h,7,12864,12.7,163372.8
13/12/2025,19h,6L,13642,4.1,55932.2
13/12/2025,19h,6,68599,2,137198
13/12/2025,19h,0L,141132,1.3,183471.6
20/12/2025,13h,10,0,0,0
20/12/2025,13h,9L,4,1000,4000
20/12/2025,13h,9,19,500,9500
20/12/2025,13h,8L,157,100,15700
20/12/2025,13h,8,669,50,33450
20/12/2025,13h,7L,1682,14,23548
20/12/2025,13h,7,8614,7,60298
20/12/2025,13h,6L,9578,2,19156
20/12/2025,13h,6,48353,1,48353
20/12/2025,13h,0L,105191,1,105191
20/12/2025,14h,10,0,0,0
20/12/2025,14h,9L,5,1000,5000
20/12/2025,14h,9,28,500,14000
20/12/2025,14h,8L,111,100,11100
20/12/2025,14h,8,686,50,34300
20/12/2025,14h,7L,1370,14,19180
20/12/2025,14h,7,6595,7,46165
20/12/2025,14h,6L,7733,2,15466
20/12/2025,14h,6,39304,1,39304
20/12/2025,14h,0L,95476,1,95476
20/12/2025,15h,10,0,0,0
20/12/2025,15h,9L,11,1000,11000
20/12/2025,15h,9,46,500,23000
20/12/2025,15h,8L,210,100,21000
20/12/2025,15h,8,925,50,46250
20/12/2025,15h,7L,2043,14,28602
20/12/2025,15h,7,10081,7,70567
20/12/2025,15h,6L,9880,2,19760
20/12/2025,15h,6,49083,1,49083
20/12/2025,15h,0L,98070,1,98070
20/12/2025,16h,10,0,0,0
20/12/2025,16h,9L,5,1000,5000
20/12/2025,16h,9,38,500,19000
20/12/2025,16h,8L,190,100,19000
20/12/2025,16h,8,911,50,45550
20/12/2025,16h,7L,2098,14,29372
20/12/2025,16h,7,10493,7,73451
20/12/2025,16h,6L,10491,2,20982
20/12/2025,16h,6,52136,1,52136
20/12/2025,16h,0L,102275,1,102275
20/12/2025,17h,10,1,500000,500000
20/12/2025,17h,9L,4,1000,4000
20/12/2025,17h,9,27,500,13500
20/12/2025,17h,8L,173,100,17300
20/12/2025,17h,8,973,50,48650
20/12/2025,17h,7L,1956,14,27384
20/12/2025,17h,7,9761,7,68327
20/12/2025,17h,6L,10195,2,20390
20/12/2025,17h,6,50380,1,50380
20/12/2025,17h,0L,107456,1,107456
20/12/2025,18h,10,0,0,0
20/12/2025,18h,9L,3,1000,3000
20/12/2025,18h,9,28,500,14000
20/12/2025,18h,8L,164,100,16400
20/12/2025,18h,8,833,50,41650
20/12/2025,18h,7L,1920,14,26880
20/12/2025,18h,7,9754,7,68278
20/12/2025,18h,6L,10447,2,20894
20/12/2025,18h,6,52041,1,52041
20/12/2025,18h,0L,106499,1,106499
20/12/2025,19h,10,0,0,0
20/12/2025,19h,9L,6,1320,7920
20/12/2025,19h,9,29,679.3,19699.7
20/12/2025,19h,8L,217,136.8,29685.6
20/12/2025,19h,8,1020,69.6,70992
20/12/2025,19h,7L,2592,19.7,51062.4
20/12/2025,19h,7,12982,10.7,138907.4
20/12/2025,19h,6L,13515,3.4,45951
20/12/2025,19h,6,68488,1.7,116429.6
20/12/2025,19h,0L,132631,1.2,159157.2
27/12/2025,13h,10,1,100000,100000
27/12/2025,13h,9L,3,1000,3000
27/12/2025,13h,9,16,500,8000
27/12/2025,13h,8L,126,100,12600
27/12/2025,13h,8,706,50,35300
27/12/2025,13h,7L,1714,14,23996
27/12/2025,13h,7,8621,7,60347
27/12/2025,13h,6L,9559,2,19118
27/12/2025,13h,6,48348,1,48348
27/12/2025,13h,0L,102742,1,102742
27/12/2025,14h,10,0,0,0
27/12/2025,14h,9L,3,1000,3000
27/12/2025,14h,9,27,500,13500
27/12/2025,14h,8L,162,100,16200
27/12/2025,14h,8,796,50,39800
27/12/2025,14h,7L,1747,14,24458
27/12/2025,14h,7,8792,7,61544
27/12/2025,14h,6L,9105,2,18210
27/12/2025,14h,6,44742,1,44742
27/12/2025,14h,0L,88195,1,88195
27/12/2025,15h,10,0,0,0
27/12/2025,15h,9L,5,1000,5000
27/12/2025,15h,9,33,500,16500
27/12/2025,15h,8L,199,100,19900
27/12/2025,15h,8,1004,50,50200
27/12/2025,15h,7L,2194,14,30716
27/12/2025,15h,7,11103,7,77721
27/12/2025,15h,6L,10450,2,20900
27/12/2025,15h,6,52453,1,52453
27/12/2025,15h,0L,90762,1,90762
27/12/2025,16h,10,0,0,0
27/12/2025,16h,9L,13,1000,13000
27/12/2025,16h,9,33,500,16500
27/12/2025,16h,8L,228,100,22800
27/12/2025,16h,8,1188,50,59400
27/12/2025,16h,7L,1944,14,27216
27/12/2025,16h,7,10262,7,71834
27/12/2025,16h,6L,9963,2,19926
27/12/2025,16h,6,49712,1,49712
27/12/2025,16h,0L,94202,1,94202
27/12/2025,17h,10,0,0,0
27/12/2025,17h,9L,3,1000,3000
27/12/2025,17h,9,26,500,13000
27/12/2025,17h,8L,165,100,16500
27/12/2025,17h,8,842,50,42100
27/12/2025,17h,7L,1941,14,27174
27/12/2025,17h,7,9756,7,68292
27/12/2025,17h,6L,10578,2,21156
27/12/2025,17h,6,52820,1,52820
27/12/2025,17h,0L,98389,1,98389
27/12/2025,18h,10,0,0,0
27/12/2025,18h,9L,7,1000,7000
27/12/2025,18h,9,20,500,10000
27/12/2025,18h,8L,192,100,19200
27/12/2025,18h,8,1045,50,52250
27/12/2025,18h,7L,2332,14,32648
27/12/2025,18h,7,11414,7,79898
27/12/2025,18h,6L,11381,2,22762
27/12/2025,18h,6,57262,1,57262
27/12/2025,18h,0L,102238,1,102238
27/12/2025,19h,10,0,0,0
27/12/2025,19h,9L,2,3880,7760
27/12/2025,19h,9,42,871.4,36598.8
27/12/2025,19h,8L,247,197.1,48683.7
27/12/2025,19h,8,1256,97.7,122711.2
27/12/2025,19h,7L,2798,29.8,83380.4
27/12/2025,19h,7,13966,17.5,244405
27/12/2025,19h,6L,14194,6.1,86583.4
27/12/2025,19h,6,70058,3,210174
27/12/2025,19h,0L,137995,1.7,234591.5
03/01/2026,13h,10,0,0,0
03/01/2026,13h,9L,15,1000,15000
03/01/2026,13h,9,70,500,35000
03/01/2026,13h,8L,281,100,28100
03/01/2026,13h,8,1269,50,63450
03/01/2026,13h,7L,2514,14,35196
03/01/2026,13h,7,12560,7,87920
03/01/2026,13h,6L,10940,2,21880
03/01/2026,13h,6,53792,1,53792
03/01/2026,13h,0L,96493,1,96493
03/01/2026,14h,10,0,0,0
03/01/2026,14h,9L,4,1000,4000
03/01/2026,14h,9,29,500,14500
03/01/2026,14h,8L,147,100,14700
03/01/2026,14h,8,806,50,40300
03/01/2026,14h,7L,1908,14,26712
03/01/2026,14h,7,9333,7,65331
03/01/2026,14h,6L,9433,2,18866
03/01/2026,14h,6,47613,1,47613
03/01/2026,14h,0L,84893,1,84893
03/01/2026,15h,10,0,0,0
03/01/2026,15h,9L,3,1000,3000
03/01/2026,15h,9,16,500,8000
03/01/2026,15h,8L,118,100,11800
03/01/2026,15h,8,629,50,31450
03/01/2026,15h,7L,1514,14,21196
03/01/2026,15h,7,7471,7,52297
03/01/2026,15h,6L,8148,2,16296
03/01/2026,15h,6,41739,1,41739
03/01/2026,15h,0L,92681,1,92681
03/01/2026,16h,10,1,400000,400000
03/01/2026,16h,9L,4,1000,4000
03/01/2026,16h,9,22,500,11000
03/01/2026,16h,8L,137,100,13700
03/01/2026,16h,8,687,50,34350
03/01/2026,16h,7L,1645,14,23030
03/01/2026,16h,7,8443,7,59101
03/01/2026,16h,6L,9134,2,18268
03/01/2026,16h,6,45339,1,45339
03/01/2026,16h,0L,94704,1,94704
03/01/2026,17h,10,0,0,0
03/01/2026,17h,9L,4,1000,4000
03/01/2026,17h,9,27,500,13500
03/01/2026,17h,8L,196,100,19600
03/01/2026,17h,8,966,50,48300
03/01/2026,17h,7L,2163,14,30282
03/01/2026,17h,7,11095,7,77665
03/01/2026,17h,6L,10653,2,21306
03/01/2026,17h,6,53828,1,53828
03/01/2026,17h,0L,93354,1,93354
03/01/2026,18h,10,0,0,0
03/01/2026,18h,9L,5,1000,5000
03/01/2026,18h,9,20,500,10000
03/01/2026,18h,8L,148,100,14800
03/01/2026,18h,8,779,50,38950
03/01/2026,18h,7L,1769,14,24766
03/01/2026,18h,7,9356,7,65492
03/01/2026,18h,6L,10256,2,20512
03/01/2026,18h,6,50931,1,50931
03/01/2026,18h,0L,98728,1,98728
03/01/2026,19h,10,0,0,0
03/01/2026,19h,9L,6,1480,8880
03/01/2026,19h,9,34,729.4,24799.6
03/01/2026,19h,8L,211,156.8,33084.8
03/01/2026,19h,8,976,80.7,78763.2
03/01/2026,19h,7L,2374,23.3,55314.2
03/01/2026,19h,7,11445,13.4,153363
03/01/2026,19h,6L,12218,4.3,52537.4
03/01/2026,19h,6,60940,2.1,127974
03/01/2026,19h,0L,129298,1.3,168087.4
10/01/2026,13h,10,0,0,0
10/01/2026,13h,9L,3,1000,3000
10/01/2026,13h,9,18,500,9000
10/01/2026,13h,8L,121,100,12100
10/01/2026,13h,8,653,50,32650
10/01/2026,13h,7L,1592,14,22288
10/01/2026,13h,7,8012,7,56084
10/01/2026,13h,6L,8693,2,17386
10/01/2026,13h,6,44160,1,44160
10/01/2026,13h,0L,94840,1,94840
10/01/2026,14h,10,0,0,0
10/01/2026,14h,9L,3,1000,3000
10/01/2026,14h,9,22,500,11000
10/01/2026,14h,8L,136,100,13600
10/01/2026,14h,8,686,50,34300
10/01/2026,14h,7L,1766,14,24724
10/01/2026,14h,7,8791,7,61537
10/01/2026,14h,6L,8874,2,17748
10/01/2026,14h,6,44176,1,44176
10/01/2026,14h,0L,85464,1,85464
10/01/2026,15h,10,0,0,0
10/01/2026,15h,9L,3,1000,3000
10/01/2026,15h,9,25,500,12500
10/01/2026,15h,8L,149,100,14900
10/01/2026,15h,8,785,50,39250
10/01/2026,15h,7L,1785,14,24990
10/01/2026,15h,7,8837,7,61859
10/01/2026,15h,6L,9327,2,18654
10/01/2026,15h,6,46107,1,46107
10/01/2026,15h,0L,90064,1,90064
10/01/2026,16h,10,0,0,0
10/01/2026,16h,9L,5,1000,5000
10/01/2026,16h,9,35,500,17500
10/01/2026,16h,8L,170,100,17000
10/01/2026,16h,8,918,50,45900
10/01/2026,16h,7L,1818,14,25452
10/01/2026,16h,7,9356,7,65492
10/01/2026,16h,6L,9057,2,18114
10/01/2026,16h,6,46042,1,46042
10/01/2026,16h,0L,92460,1,92460
10/01/2026,17h,10,0,0,0
10/01/2026,17h,9L,4,1000,4000
10/01/2026,17h,9,31,500,15500
10/01/2026,17h,8L,172,100,17200
10/01/2026,17h,8,992,50,49600
10/01/2026,17h,7L,2077,14,29078
10/01/2026,17h,7,10128,7,70896
10/01/2026,17h,6L,10084,2,20168
10/01/2026,17h,6,50193,1,50193
10/01/2026,17h,0L,96855,1,96855
10/01/2026,18h,10,0,0,0
10/01/2026,18h,9L,4,1000,4000
10/01/2026,18h,9,25,500,12500
10/01/2026,18h,8L,119,100,11900
10/01/2026,18h,8,768,50,38400
10/01/2026,18h,7L,1715,14,24010
10/01/2026,18h,7,8651,7,60557
10/01/2026,18h,6L,9367,2,18734
10/01/2026,18h,6,47620,1,47620
10/01/2026,18h,0L,102641,1,102641
10/01/2026,19h,10,0,0,0
10/01/2026,19h,9L,4,2680,10720
10/01/2026,19h,9,24,1258.3,30199.2
10/01/2026,19h,8L,194,244.3,47394.2
10/01/2026,19h,8,889,128.7,114414.3
10/01/2026,19h,7L,2355,36,84780
10/01/2026,19h,7,11676,21.7,253369.2
10/01/2026,19h,6L,13105,7.1,93045.5
10/01/2026,19h,6,65052,3.6,234187.2
10/01/2026,19h,0L,140461,1.8,252829.8
17/01/2026,13h,10,0,0,0
17/01/2026,13h,9L,4,1000,4000
17/01/2026,13h,9,20,500,10000
17/01/2026,13h,8L,157,100,15700
17/01/2026,13h,8,781,50,39050
17/01/2026,13h,7L,1978,14,27692
17/01/2026,13h,7,9484,7,66388
17/01/2026,13h,6L,9816,2,19632
17/01/2026,13h,6,48526,1,48526
17/01/2026,13h,0L,91296,1,91296
17/01/2026,14h,10,0,0,0
17/01/2026,14h,9L,4,1000,4000
17/01/2026,14h,9,15,500,7500
17/01/2026,14h,8L,106,100,10600
17/01/2026,14h,8,538,50,26900
17/01/2026,14h,7L,1334,14,18676
17/01/2026,14h,7,6734,7,47138
17/01/2026,14h,6L,7314,2,14628
17/01/2026,14h,6,36896,1,36896
17/01/2026,14h,0L,85656,1,85656
17/01/2026,15h,10,0,0,0
17/01/2026,15h,9L,3,1000,3000
17/01/2026,15h,9,29,500,14500
17/01/2026,15h,8L,169,100,16900
17/01/2026,15h,8,865,50,43250
17/01/2026,15h,7L,1764,14,24696
17/01/2026,15h,7,9081,7,63567
17/01/2026,15h,6L,9145,2,18290
17/01/2026,15h,6,45288,1,45288
17/01/2026,15h,0L,87635,1,87635
17/01/2026,16h,10,0,0,0
17/01/2026,16h,9L,7,1000,7000
17/01/2026,16h,9,33,500,16500
17/01/2026,16h,8L,130,100,13000
17/01/2026,16h,8,645,50,32250
17/01/2026,16h,7L,1613,14,22582
17/01/2026,16h,7,7910,7,55370
17/01/2026,16h,6L,8656,2,17312
17/01/2026,16h,6,42981,1,42981
17/01/2026,16h,0L,92197,1,92197
17/01/2026,17h,10,0,0,0
17/01/2026,17h,9L,8,1000,8000
17/01/2026,17h,9,34,500,17000
17/01/2026,17h,8L,169,100,16900
17/01/2026,17h,8,929,50,46450
17/01/2026,17h,7L,1832,14,25648
17/01/2026,17h,7,9410,7,65870
17/01/2026,17h,6L,9331,2,18662
17/01/2026,17h,6,46970,1,46970
17/01/2026,17h,0L,95912,1,95912
17/01/2026,18h,10,2,300000,600000
17/01/2026,18h,9L,8,1000,8000
17/01/2026,18h,9,68,500,34000
17/01/2026,18h,8L,224,100,22400
17/01/2026,18h,8,1252,50,62600
17/01/2026,18h,7L,2167,14,30338
17/01/2026,18h,7,10905,7,76335
17/01/2026,18h,6L,9582,2,19164
17/01/2026,18h,6,48941,1,48941
17/01/2026,18h,0L,99855,1,99855
17/01/2026,19h,10,0,0,0
17/01/2026,19h,9L,5,1192,5960
17/01/2026,19h,9,20,630,12600
17/01/2026,19h,8L,161,124.8,20092.8
17/01/2026,19h,8,815,62.2,50693
17/01/2026,19h,7L,1859,17.9,33276.1
17/01/2026,19h,7,9516,9.5,90402
17/01/2026,19h,6L,10884,2.8,30475.2
17/01/2026,19h,6,53447,1.4,74825.8
17/01/2026,19h,0L,126212,1.1,138833.2
24/01/2026,13h,10,0,0,0
24/01/2026,13h,9L,7,1000,7000
24/01/2026,13h,9,24,500,12000
24/01/2026,13h,8L,180,100,18000
24/01/2026,13h,8,837,50,41850
24/01/2026,13h,7L,1897,14,26558
24/01/2026,13h,7,9330,7,65310
24/01/2026,13h,6L,9439,2,18878
24/01/2026,13h,6,46588,1,46588
24/01/2026,13h,0L,89649,1,89649
24/01/2026,14h,10,0,0,0
24/01/2026,14h,9L,6,1000,6000
24/01/2026,14h,9,29,500,14500
24/01/2026,14h,8L,200,100,20000
24/01/2026,14h,8,939,50,46950
24/01/2026,14h,7L,1788,14,25032
24/01/2026,14h,7,9524,7,66668
24/01/2026,14h,6L,8778,2,17556
24/01/2026,14h,6,44754,1,44754
24/01/2026,14h,0L,81036,1,81036
24/01/2026,15h,10,0,0,0
24/01/2026,15h,9L,2,1000,2000
24/01/2026,15h,9,16,500,8000
24/01/2026,15h,8L,117,100,11700
24/01/2026,15h,8,527,50,26350
24/01/2026,15h,7L,1409,14,19726
24/01/2026,15h,7,7028,7,49196
24/01/2026,15h,6L,7779,2,15558
24/01/2026,15h,6,39432,1,39432
24/01/2026,15h,0L,86803,1,86803
24/01/2026,16h,10,0,0,0
24/01/2026,16h,9L,4,1000,4000
24/01/2026,16h,9,14,500,7000
24/01/2026,16h,8L,117,100,11700
24/01/2026,16h,8,533,50,26650
24/01/2026,16h,7L,1359,14,19026
24/01/2026,16h,7,7095,7,49665
24/01/2026,16h,6L,7987,2,15974
24/01/2026,16h,6,40549,1,40549
24/01/2026,16h,0L,88053,1,88053
24/01/2026,17h,10,0,0,0
24/01/2026,17h,9L,3,1000,3000
24/01/2026,17h,9,21,500,10500
24/01/2026,17h,8L,147,100,14700
24/01/2026,17h,8,734,50,36700
24/01/2026,17h,7L,1654,14,23156
24/01/2026,17h,7,8301,7,58107
24/01/2026,17h,6L,8631,2,17262
24/01/2026,17h,6,43095,1,43095
24/01/2026,17h,0L,92270,1,92270
24/01/2026,18h,10,0,0,0
24/01/2026,18h,9L,4,1000,4000
24/01/2026,18h,9,19,500,9500
24/01/2026,18h,8L,161,100,16100
24/01/2026,18h,8,712,50,35600
24/01/2026,18h,7L,1762,14,24668
24/01/2026,18h,7,8951,7,62657
24/01/2026,18h,6L,9408,2,18816
24/01/2026,18h,6,47849,1,47849
24/01/2026,18h,0L,96792,1,96792
24/01/2026,19h,10,1,700000,700000
24/01/2026,19h,9L,6,1000,6000
24/01/2026,19h,9,42,500,21000
24/01/2026,19h,8L,265,100,26500
24/01/2026,19h,8,1221,50,61050
24/01/2026,19h,7L,2979,14,41706
24/01/2026,19h,7,15091,7,105637
24/01/2026,19h,6L,15698,2,31396
24/01/2026,19h,6,77149,1,77149
24/01/2026,19h,0L,139694,1,139694
31/01/2026,13h,10,1,100000,100000
31/01/2026,13h,9L,6,1000,6000
31/01/2026,13h,9,29,500,14500
31/01/2026,13h,8L,155,100,15500
31/01/2026,13h,8,773,50,38650
31/01/2026,13h,7L,1749,14,24486
31/01/2026,13h,7,8576,7,60032
31/01/2026,13h,6L,8721,2,17442
31/01/2026,13h,6,43592,1,43592
31/01/2026,13h,0L,86886,1,86886
31/01/2026,14h,10,0,0,0
31/01/2026,14h,9L,2,1000,2000
31/01/2026,14h,9,19,500,9500
31/01/2026,14h,8L,135,100,13500
31/01/2026,14h,8,649,50,32450
31/01/2026,14h,7L,1544,14,21616
31/01/2026,14h,7,7778,7,54446
31/01/2026,14h,6L,8171,2,16342
31/01/2026,14h,6,40813,1,40813
31/01/2026,14h,0L,78402,1,78402
31/01/2026,15h,10,0,0,0
31/01/2026,15h,9L,3,1000,3000
31/01/2026,15h,9,30,500,15000
31/01/2026,15h,8L,150,100,15000
31/01/2026,15h,8,614,50,30700
31/01/2026,15h,7L,1513,14,21182
31/01/2026,15h,7,7341,7,51387
31/01/2026,15h,6L,7834,2,15668
31/01/2026,15h,6,38985,1,38985
31/01/2026,15h,0L,82659,1,82659
31/01/2026,16h,10,0,0,0
31/01/2026,16h,9L,5,1000,5000
31/01/2026,16h,9,16,500,8000
31/01/2026,16h,8L,141,100,14100
31/01/2026,16h,8,707,50,35350
31/01/2026,16h,7L,1775,14,24850
31/01/2026,16h,7,8499,7,59493
31/01/2026,16h,6L,8851,2,17702
31/01/2026,16h,6,44379,1,44379
31/01/2026,16h,0L,83542,1,83542
31/01/2026,17h,10,0,0,0
31/01/2026,17h,9L,6,1000,6000
31/01/2026,17h,9,29,500,14500
31/01/2026,17h,8L,184,100,18400
31/01/2026,17h,8,878,50,43900
31/01/2026,17h,7L,1839,14,25746
31/01/2026,17h,7,9450,7,66150
31/01/2026,17h,6L,9427,2,18854
31/01/2026,17h,6,46767,1,46767
31/01/2026,17h,0L,87800,1,87800
31/01/2026,18h,10,0,0,0
31/01/2026,18h,9L,4,1000,4000
31/01/2026,18h,9,11,500,5500
31/01/2026,18h,8L,115,100,11500
31/01/2026,18h,8,604,50,30200
31/01/2026,18h,7L,1422,14,19908
31/01/2026,18h,7,7639,7,53473
31/01/2026,18h,6L,8484,2,16968
31/01/2026,18h,6,43123,1,43123
31/01/2026,18h,0L,95120,1,95120
31/01/2026,19h,10,0,0,0
31/01/2026,19h,9L,17,1338.8,22759.6
31/01/2026,19h,9,75,708,53100
31/01/2026,19h,8L,310,177.4,54994
31/01/2026,19h,8,1460,91,132860
31/01/2026,19h,7L,2961,29,85869
31/01/2026,19h,7,14844,16.9,250863.6
31/01/2026,19h,6L,13863,6.1,84564.3
31/01/2026,19h,6,69666,3,208998
31/01/2026,19h,0L,130219,1.7,221372.3
07/02/2026,13h,10,0,0,0
07/02/2026,13h,9L,4,1000,4000
07/02/2026,13h,9,14,500,7000
07/02/2026,13h,8L,95,100,9500
07/02/2026,13h,8,434,50,21700
07/02/2026,13h,7L,1238,14,17332
07/02/2026,13h,7,6109,7,42763
07/02/2026,13h,6L,7022,2,14044
07/02/2026,13h,6,34831,1,34831
07/02/2026,13h,0L,87205,1,87205
07/02/2026,14h,10,0,0,0
07/02/2026,14h,9L,5,1000,5000
07/02/2026,14h,9,36,500,18000
07/02/2026,14h,8L,165,100,16500
07/02/2026,14h,8,862,50,43100
07/02/2026,14h,7L,1673,14,23422
07/02/2026,14h,7,7965,7,55755
07/02/2026,14h,6L,7853,2,15706
07/02/2026,14h,6,39057,1,39057
07/02/2026,14h,0L,78029,1,78029
07/02/2026,15h,10,0,0,0
07/02/2026,15h,9L,3,1000,3000
07/02/2026,15h,9,18,500,9000
07/02/2026,15h,8L,146,100,14600
07/02/2026,15h,8,649,50,32450
07/02/2026,15h,7L,1546,14,21644
07/02/2026,15h,7,7813,7,54691
07/02/2026,15h,6L,7966,2,15932
07/02/2026,15h,6,39775,1,39775
07/02/2026,15h,0L,82132,1,82132
07/02/2026,16h,10,0,0,0
07/02/2026,16h,9L,3,1000,3000
07/02/2026,16h,9,20,500,10000
07/02/2026,16h,8L,99,100,9900
07/02/2026,16h,8,533,50,26650
07/02/2026,16h,7L,1324,14,18536
07/02/2026,16h,7,6677,7,46739
07/02/2026,16h,6L,7642,2,15284
07/02/2026,16h,6,37902,1,37902
07/02/2026,16h,0L,85598,1,85598
07/02/2026,17h,10,1,500000,500000
07/02/2026,17h,9L,4,1000,4000
07/02/2026,17h,9,20,500,10000
07/02/2026,17h,8L,119,100,11900
07/02/2026,17h,8,613,50,30650
07/02/2026,17h,7L,1577,14,22078
07/02/2026,17h,7,7922,7,55454
07/02/2026,17h,6L,8705,2,17410
07/02/2026,17h,6,43816,1,43816
07/02/2026,17h,0L,88957,1,88957
07/02/2026,18h,10,0,0,0
07/02/2026,18h,9L,5,1000,5000
07/02/2026,18h,9,22,500,11000
07/02/2026,18h,8L,166,100,16600
07/02/2026,18h,8,844,50,42200
07/02/2026,18h,7L,1882,14,26348
07/02/2026,18h,7,9707,7,67949
07/02/2026,18h,6L,10138,2,20276
07/02/2026,18h,6,49704,1,49704
07/02/2026,18h,0L,88123,1,88123
07/02/2026,19h,10,0,0,0
07/02/2026,19h,9L,5,1384,6920
07/02/2026,19h,9,27,692.5,18697.5
07/02/2026,19h,8L,160,150,24000
07/02/2026,19h,8,814,74.5,60643
07/02/2026,19h,7L,2006,21.3,42727.8
07/02/2026,19h,7,9773,12,117276
07/02/2026,19h,6L,10759,3.8,40884.2
07/02/2026,19h,6,55018,1.8,99032.4
07/02/2026,19h,0L,119444,1.2,143332.8
14/02/2026,13h,10,0,0,0
14/02/2026,13h,9L,2,1000,2000
14/02/2026,13h,9,11,500,5500
14/02/2026,13h,8L,92,100,9200
14/02/2026,13h,8,499,50,24950
14/02/2026,13h,7L,1204,14,16856
14/02/2026,13h,7,6186,7,43302
14/02/2026,13h,6L,7384,2,14768
14/02/2026,13h,6,37111,1,37111
14/02/2026,13h,0L,91074,1,91074
14/02/2026,14h,10,0,0,0
14/02/2026,14h,9L,4,1000,4000
14/02/2026,14h,9,28,500,14000
14/02/2026,14h,8L,128,100,12800
14/02/2026,14h,8,632,50,31600
14/02/2026,14h,7L,1324,14,18536
14/02/2026,14h,7,6681,7,46767
14/02/2026,14h,6L,7516,2,15032
14/02/2026,14h,6,37388,1,37388
14/02/2026,14h,0L,80789,1,80789
14/02/2026,15h,10,0,0,0
14/02/2026,15h,9L,9,1000,9000
14/02/2026,15h,9,18,500,9000
14/02/2026,15h,8L,142,100,14200
14/02/2026,15h,8,717,50,35850
14/02/2026,15h,7L,1570,14,21980
14/02/2026,15h,7,7992,7,55944
14/02/2026,15h,6L,8157,2,16314
14/02/2026,15h,6,40338,1,40338
14/02/2026,15h,0L,83748,1,83748
14/02/2026,16h,10,0,0,0
14/02/2026,16h,9L,3,1000,3000
14/02/2026,16h,9,18,500,9000
14/02/2026,16h,8L,175,100,17500
14/02/2026,16h,8,846,50,42300
14/02/2026,16h,7L,2040,14,28560
14/02/2026,16h,7,10291,7,72037
14/02/2026,16h,6L,10052,2,20104
14/02/2026,16h,6,50767,1,50767
14/02/2026,16h,0L,83554,1,83554
14/02/2026,17h,10,0,0,0
14/02/2026,17h,9L,5,1000,5000
14/02/2026,17h,9,42,500,21000
14/02/2026,17h,8L,189,100,18900
14/02/2026,17h,8,886,50,44300
14/02/2026,17h,7L,1970,14,27580
14/02/2026,17h,7,9764,7,68348
14/02/2026,17h,6L,9783,2,19566
14/02/2026,17h,6,49426,1,49426
14/02/2026,17h,0L,89187,1,89187
14/02/2026,18h,10,0,0,0
14/02/2026,18h,9L,3,1000,3000
14/02/2026,18h,9,23,500,11500
14/02/2026,18h,8L,152,100,15200
14/02/2026,18h,8,672,50,33600
14/02/2026,18h,7L,1558,14,21812
14/02/2026,18h,7,8005,7,56035
14/02/2026,18h,6L,8538,2,17076
14/02/2026,18h,6,43213,1,43213
14/02/2026,18h,0L,96458,1,96458
14/02/2026,19h,10,2,350000,700000
14/02/2026,19h,9L,6,1000,6000
14/02/2026,19h,9,37,500,18500
14/02/2026,19h,8L,213,100,21300
14/02/2026,19h,8,1082,50,54100
14/02/2026,19h,7L,2602,14,36428
14/02/2026,19h,7,12833,7,89831
14/02/2026,19h,6L,13163,2,26326
14/02/2026,19h,6,65425,1,65425
14/02/2026,19h,0L,138355,1,138355
21/02/2026,13h,10,0,0,0
21/02/2026,13h,9L,4,1000,4000
21/02/2026,13h,9,33,500,16500
21/02/2026,13h,8L,133,100,13300
21/02/2026,13h,8,652,50,32600
21/02/2026,13h,7L,1559,14,21826
21/02/2026,13h,7,7954,7,55678
21/02/2026,13h,6L,8087,2,16174
21/02/2026,13h,6,40666,1,40666
21/02/2026,13h,0L,79540,1,79540
21/02/2026,14h,10,0,0,0
21/02/2026,14h,9L,1,1000,1000
21/02/2026,14h,9,12,500,6000
21/02/2026,14h,8L,74,100,7400
21/02/2026,14h,8,447,50,22350
21/02/2026,14h,7L,1238,14,17332
21/02/2026,14h,7,5973,7,41811
21/02/2026,14h,6L,6674,2,13348
21/02/2026,14h,6,33829,1,33829
21/02/2026,14h,0L,72674,1,72674
21/02/2026,15h,10,1,300000,300000
21/02/2026,15h,9L,0,0,0
21/02/2026,15h,9,21,500,10500
21/02/2026,15h,8L,132,100,13200
21/02/2026,15h,8,609,50,30450
21/02/2026,15h,7L,1490,14,20860
21/02/2026,15h,7,7066,7,49462
21/02/2026,15h,6L,7570,2,15140
21/02/2026,15h,6,37204,1,37204
21/02/2026,15h,0L,75491,1,75491
21/02/2026,16h,10,0,0,0
21/02/2026,16h,9L,2,1000,2000
21/02/2026,16h,9,5,500,2500
21/02/2026,16h,8L,107,100,10700
21/02/2026,16h,8,559,50,27950
21/02/2026,16h,7L,1472,14,20608
21/02/2026,16h,7,7075,7,49525
21/02/2026,16h,6L,7099,2,14198
21/02/2026,16h,6,35640,1,35640
21/02/2026,16h,0L,75973,1,75973
21/02/2026,17h,10,0,0,0
21/02/2026,17h,9L,3,1000,3000
21/02/2026,17h,9,18,500,9000
21/02/2026,17h,8L,93,100,9300
21/02/2026,17h,8,550,50,27500
21/02/2026,17h,7L,1442,14,20188
21/02/2026,17h,7,6969,7,48783
21/02/2026,17h,6L,7630,2,15260
21/02/2026,17h,6,38073,1,38073
21/02/2026,17h,0L,79408,1,79408
21/02/2026,18h,10,0,0,0
21/02/2026,18h,9L,2,1000,2000
21/02/2026,18h,9,37,500,18500
21/02/2026,18h,8L,200,100,20000
21/02/2026,18h,8,883,50,44150
21/02/2026,18h,7L,1708,14,23912
21/02/2026,18h,7,9202,7,64414
21/02/2026,18h,6L,8686,2,17372
21/02/2026,18h,6,43327,1,43327
21/02/2026,18h,0L,82115,1,82115
21/02/2026,19h,10,0,0,0
21/02/2026,19h,9L,7,1548.5,10839.5
21/02/2026,19h,9,31,835.4,25897.4
21/02/2026,19h,8L,198,180.8,35798.4
21/02/2026,19h,8,1004,89.8,90159.2
21/02/2026,19h,7L,2291,26.9,61627.9
21/02/2026,19h,7,11051,15.9,175710.9
21/02/2026,19h,6L,11011,5.5,60560.5
21/02/2026,19h,6,55479,2.7,149793.3
21/02/2026,19h,0L,111383,1.5,167074.5
28/02/2026,13h,10,0,0,0
28/02/2026,13h,9L,3,1000,3000
28/02/2026,13h,9,17,500,8500
28/02/2026,13h,8L,166,100,16600
28/02/2026,13h,8,776,50,38800
28/02/2026,13h,7L,1698,14,23772
28/02/2026,13h,7,8552,7,59864
28/02/2026,13h,6L,8761,2,17522
28/02/2026,13h,6,42789,1,42789
28/02/2026,13h,0L,78558,1,78558
28/02/2026,14h,10,0,0,0
28/02/2026,14h,9L,7,1000,7000
28/02/2026,14h,9,11,500,5500
28/02/2026,14h,8L,124,100,12400
28/02/2026,14h,8,595,50,29750
28/02/2026,14h,7L,1150,14,16100
28/02/2026,14h,7,5943,7,41601
28/02/2026,14h,6L,6779,2,13558
28/02/2026,14h,6,33468,1,33468
28/02/2026,14h,0L,73108,1,73108
28/02/2026,15h,10,0,0,0
28/02/2026,15h,9L,5,1000,5000
28/02/2026,15h,9,14,500,7000
28/02/2026,15h,8L,133,100,13300
28/02/2026,15h,8,615,50,30750
28/02/2026,15h,7L,1544,14,21616
28/02/2026,15h,7,7871,7,55097
28/02/2026,15h,6L,8499,2,16998
28/02/2026,15h,6,41317,1,41317
28/02/2026,15h,0L,75396,1,75396
28/02/2026,16h,10,0,0,0
28/02/2026,16h,9L,6,1000,6000
28/02/2026,16h,9,27,500,13500
28/02/2026,16h,8L,140,100,14000
28/02/2026,16h,8,743,50,37150
28/02/2026,16h,7L,1537,14,21518
28/02/2026,16h,7,7750,7,54250
28/02/2026,16h,6L,7885,2,15770
28/02/2026,16h,6,38755,1,38755
28/02/2026,16h,0L,79021,1,79021
28/02/2026,17h,10,0,0,0
28/02/2026,17h,9L,4,1000,4000
28/02/2026,17h,9,16,500,8000
28/02/2026,17h,8L,130,100,13000
28/02/2026,17h,8,566,50,28300
28/02/2026,17h,7L,1449,14,20286
28/02/2026,17h,7,7199,7,50393
28/02/2026,17h,6L,7962,2,15924
28/02/2026,17h,6,39480,1,39480
28/02/2026,17h,0L,83405,1,83405
28/02/2026,18h,10,0,0,0
28/02/2026,18h,9L,4,1000,4000
28/02/2026,18h,9,15,500,7500
28/02/2026,18h,8L,96,100,9600
28/02/2026,18h,8,503,50,25150
28/02/2026,18h,7L,1297,14,18158
28/02/2026,18h,7,6313,7,44191
28/02/2026,18h,6L,7412,2,14824
28/02/2026,18h,6,36693,1,36693
28/02/2026,18h,0L,88723,1,88723
28/02/2026,19h,10,0,0,0
28/02/2026,19h,9L,7,1960,13720
28/02/2026,19h,9,32,1068.7,34198.4
28/02/2026,19h,8L,192,245.8,47193.6
28/02/2026,19h,8,1033,117.7,121584.1
28/02/2026,19h,7L,2254,37,83398
28/02/2026,19h,7,11540,21.9,252726
28/02/2026,19h,6L,12163,7.5,91222.5
28/02/2026,19h,6,60620,3.8,230356
28/02/2026,19h,0L,126935,1.9,241176.5
07/03/2026,13h,10,0,0,0
07/03/2026,13h,9L,2,1000,2000
07/03/2026,13h,9,17,500,8500
07/03/2026,13h,8L,95,100,9500
07/03/2026,13h,8,493,50,24650
07/03/2026,13h,7L,1360,14,19040
07/03/2026,13h,7,6656,7,46592
07/03/2026,13h,6L,8143,2,16286
07/03/2026,13h,6,39897,1,39897
07/03/2026,13h,0L,88434,1,88434
07/03/2026,14h,10,0,0,0
07/03/2026,14h,9L,2,1000,2000
07/03/2026,14h,9,11,500,5500
07/03/2026,14h,8L,83,100,8300
07/03/2026,14h,8,355,50,17750
07/03/2026,14h,7L,1044,14,14616
07/03/2026,14h,7,5128,7,35896
07/03/2026,14h,6L,6142,2,12284
07/03/2026,14h,6,31310,1,31310
07/03/2026,14h,0L,76698,1,76698
07/03/2026,15h,10,0,0,0
07/03/2026,15h,9L,5,1000,5000
07/03/2026,15h,9,21,500,10500
07/03/2026,15h,8L,161,100,16100
07/03/2026,15h,8,764,50,38200
07/03/2026,15h,7L,1781,14,24934
07/03/2026,15h,7,8756,7,61292
07/03/2026,15h,6L,8794,2,17588
07/03/2026,15h,6,44178,1,44178
07/03/2026,15h,0L,77032,1,77032
07/03/2026,16h,10,0,0,0
07/03/2026,16h,9L,5,1000,5000
07/03/2026,16h,9,17,500,8500
07/03/2026,16h,8L,117,100,11700
07/03/2026,16h,8,573,50,28650
07/03/2026,16h,7L,1475,14,20650
07/03/2026,16h,7,7338,7,51366
07/03/2026,16h,6L,8063,2,16126
07/03/2026,16h,6,40481,1,40481
07/03/2026,16h,0L,80522,1,80522
07/03/2026,17h,10,0,0,0
07/03/2026,17h,9L,4,1000,4000
07/03/2026,17h,9,9,500,4500
07/03/2026,17h,8L,101,100,10100
07/03/2026,17h,8,494,50,24700
07/03/2026,17h,7L,1135,14,15890
07/03/2026,17h,7,6036,7,42252
07/03/2026,17h,6L,7051,2,14102
07/03/2026,17h,6,35048,1,35048
07/03/2026,17h,0L,86017,1,86017
07/03/2026,18h,10,0,0,0
07/03/2026,18h,9L,1,1000,1000
07/03/2026,18h,9,10,500,5000
07/03/2026,18h,8L,97,100,9700
07/03/2026,18h,8,510,50,25500
07/03/2026,18h,7L,1233,14,17262
07/03/2026,18h,7,6159,7,43113
07/03/2026,18h,6L,7263,2,14526
07/03/2026,18h,6,35807,1,35807
07/03/2026,18h,0L,91365,1,91365
07/03/2026,19h,10,0,0,0
07/03/2026,19h,9L,8,1840,14720
07/03/2026,19h,9,27,1174,31698
07/03/2026,19h,8L,194,244.3,47394.2
07/03/2026,19h,8,1008,119.4,120355.2
07/03/2026,19h,7L,2418,35.4,85597.2
07/03/2026,19h,7,12643,20.6,260445.8
07/03/2026,19h,6L,13373,7,93611
07/03/2026,19h,6,66762,3.5,233667
07/03/2026,19h,0L,134136,1.8,241444.8
14/03/2026,13h,10,0,0,0
14/03/2026,13h,9L,6,1000,6000
14/03/2026,13h,9,21,500,10500
14/03/2026,13h,8L,128,100,12800
14/03/2026,13h,8,691,50,34550
14/03/2026,13h,7L,1671,14,23394
14/03/2026,13h,7,8154,7,57078
14/03/2026,13h,6L,8903,2,17806
14/03/2026,13h,6,44090,1,44090
14/03/2026,13h,0L,97859,1,97859
14/03/2026,14h,10,0,0,0
14/03/2026,14h,9L,1,1000,1000
14/03/2026,14h,9,12,500,6000
14/03/2026,14h,8L,134,100,13400
14/03/2026,14h,8,698,50,34900
14/03/2026,14h,7L,1687,14,23618
14/03/2026,14h,7,8184,7,57288
14/03/2026,14h,6L,8513,2,17026
14/03/2026,14h,6,41704,1,41704
14/03/2026,14h,0L,79292,1,79292
14/03/2026,15h,10,0,0,0
14/03/2026,15h,9L,5,1000,5000
14/03/2026,15h,9,24,500,12000
14/03/2026,15h,8L,133,100,13300
14/03/2026,15h,8,627,50,31350
14/03/2026,15h,7L,1665,14,23310
14/03/2026,15h,7,8050,7,56350
14/03/2026,15h,6L,8309,2,16618
14/03/2026,15h,6,41101,1,41101
14/03/2026,15h,0L,83866,1,83866
14/03/2026,16h,10,0,0,0
14/03/2026,16h,9L,4,1000,4000
14/03/2026,16h,9,9,500,4500
14/03/2026,16h,8L,155,100,15500
14/03/2026,16h,8,568,50,28400
14/03/2026,16h,7L,1392,14,19488
14/03/2026,16h,7,6704,7,46928
14/03/2026,16h,6L,7463,2,14926
14/03/2026,16h,6,38118,1,38118
14/03/2026,16h,0L,86191,1,86191
14/03/2026,17h,10,0,0,0
14/03/2026,17h,9L,5,1000,5000
14/03/2026,17h,9,17,500,8500
14/03/2026,17h,8L,75,100,7500
14/03/2026,17h,8,534,50,26700
14/03/2026,17h,7L,1337,14,18718
14/03/2026,17h,7,6741,7,47187
14/03/2026,17h,6L,7995,2,15990
14/03/2026,17h,6,39171,1,39171
14/03/2026,17h,0L,89537,1,89537
14/03/2026,18h,10,0,0,0
14/03/2026,18h,9L,4,1000,4000
14/03/2026,18h,9,19,500,9500
14/03/2026,18h,8L,138,100,13800
14/03/2026,18h,8,777,50,38850
14/03/2026,18h,7L,1753,14,24542
14/03/2026,18h,7,9174,7,64218
14/03/2026,18h,6L,9443,2,18886
14/03/2026,18h,6,47544,1,47544
14/03/2026,18h,0L,93644,1,93644
14/03/2026,19h,10,0,0,0
14/03/2026,19h,9L,12,1560,18720
14/03/2026,19h,9,56,825,46200
14/03/2026,19h,8L,198,241.4,47797.2
14/03/2026,19h,8,1037,117.5,121847.5
14/03/2026,19h,7L,2562,34.2,87620.4
14/03/2026,19h,7,12529,20.7,259350.3
14/03/2026,19h,6L,13916,6.8,94628.8
14/03/2026,19h,6,68396,3.4,232546.4
14/03/2026,19h,0L,142894,1.8,257209.2
21/03/2026,13h,10,1,100000,100000
21/03/2026,13h,9L,3,1000,3000
21/03/2026,13h,9,24,500,12000
21/03/2026,13h,8L,157,100,15700
21/03/2026,13h,8,704,50,35200
21/03/2026,13h,7L,1531,14,21434
21/03/2026,13h,7,8195,7,57365
21/03/2026,13h,6L,8206,2,16412
21/03/2026,13h,6,41255,1,41255
21/03/2026,13h,0L,86926,1,86926
21/03/2026,14h,10,0,0,0
21/03/2026,14h,9L,2,1000,2000
21/03/2026,14h,9,19,500,9500
21/03/2026,14h,8L,103,100,10300
21/03/2026,14h,8,563,50,28150
21/03/2026,14h,7L,1296,14,18144
21/03/2026,14h,7,6520,7,45640
21/03/2026,14h,6L,7224,2,14448
21/03/2026,14h,6,35898,1,35898
21/03/2026,14h,0L,75646,1,75646
21/03/2026,15h,10,0,0,0
21/03/2026,15h,9L,2,1000,2000
21/03/2026,15h,9,18,500,9000
21/03/2026,15h,8L,100,100,10000
21/03/2026,15h,8,558,50,27900
21/03/2026,15h,7L,1416,14,19824
21/03/2026,15h,7,6957,7,48699
21/03/2026,15h,6L,8031,2,16062
21/03/2026,15h,6,40242,1,40242
21/03/2026,15h,0L,78719,1,78719
21/03/2026,16h,10,0,0,0
21/03/2026,16h,9L,2,1000,2000
21/03/2026,16h,9,16,500,8000
21/03/2026,16h,8L,87,100,8700
21/03/2026,16h,8,460,50,23000
21/03/2026,16h,7L,1285,14,17990
21/03/2026,16h,7,6599,7,46193
21/03/2026,16h,6L,7710,2,15420
21/03/2026,16h,6,38305,1,38305
21/03/2026,16h,0L,81895,1,81895
21/03/2026,17h,10,0,0,0
21/03/2026,17h,9L,6,1000,6000
21/03/2026,17h,9,44,500,22000
21/03/2026,17h,8L,203,100,20300
21/03/2026,17h,8,956,50,47800
21/03/2026,17h,7L,1849,14,25886
21/03/2026,17h,7,9416,7,65912
21/03/2026,17h,6L,8775,2,17550
21/03/2026,17h,6,43889,1,43889
21/03/2026,17h,0L,84617,1,84617
21/03/2026,18h,10,0,0,0
21/03/2026,18h,9L,10,1000,10000
21/03/2026,18h,9,14,500,7000
21/03/2026,18h,8L,153,100,15300
21/03/2026,18h,8,685,50,34250
21/03/2026,18h,7L,1764,14,24696
21/03/2026,18h,7,8172,7,57204
21/03/2026,18h,6L,8936,2,17872
21/03/2026,18h,6,44021,1,44021
21/03/2026,18h,0L,90549,1,90549
21/03/2026,19h,10,0,0,0
21/03/2026,19h,9L,4,2440,9760
21/03/2026,19h,9,22,1209,26598
21/03/2026,19h,8L,216,211.1,45597.6
21/03/2026,19h,8,960,112.5,108000
21/03/2026,19h,7L,2185,34.3,74945.5
21/03/2026,19h,7,10655,20.8,221624
21/03/2026,19h,6L,11808,6.9,81475.2
21/03/2026,19h,6,58808,3.4,199947.2
21/03/2026,19h,0L,143016,1.6,228825.6
28/03/2026,13h,10,0,0,0
28/03/2026,13h,9L,2,1000,2000
28/03/2026,13h,9,29,500,14500
28/03/2026,13h,8L,191,100,19100
28/03/2026,13h,8,816,50,40800
28/03/2026,13h,7L,1822,14,25508
28/03/2026,13h,7,9014,7,63098
28/03/2026,13h,6L,9092,2,18184
28/03/2026,13h,6,45932,1,45932
28/03/2026,13h,0L,93199,1,93199
28/03/2026,14h,10,1,200000,200000
28/03/2026,14h,9L,4,1000,4000
28/03/2026,14h,9,12,500,6000
28/03/2026,14h,8L,127,100,12700
28/03/2026,14h,8,648,50,32400
28/03/2026,14h,7L,1599,14,22386
28/03/2026,14h,7,8121,7,56847
28/03/2026,14h,6L,8523,2,17046
28/03/2026,14h,6,42168,1,42168
28/03/2026,14h,0L,82605,1,82605
28/03/2026,15h,10,0,0,0
28/03/2026,15h,9L,6,1000,6000
28/03/2026,15h,9,26,500,13000
28/03/2026,15h,8L,177,100,17700
28/03/2026,15h,8,774,50,38700
28/03/2026,15h,7L,1649,14,23086
28/03/2026,15h,7,8389,7,58723
28/03/2026,15h,6L,8414,2,16828
28/03/2026,15h,6,42368,1,42368
28/03/2026,15h,0L,85162,1,85162
28/03/2026,16h,10,0,0,0
28/03/2026,16h,9L,5,1000,5000
28/03/2026,16h,9,30,500,15000
28/03/2026,16h,8L,153,100,15300
28/03/2026,16h,8,653,50,32650
28/03/2026,16h,7L,1646,14,23044
28/03/2026,16h,7,8290,7,58030
28/03/2026,16h,6L,8557,2,17114
28/03/2026,16h,6,42565,1,42565
28/03/2026,16h,0L,87273,1,87273
28/03/2026,17h,10,0,0,0
28/03/2026,17h,9L,1,1000,1000
28/03/2026,17h,9,19,500,9500
28/03/2026,17h,8L,122,100,12200
28/03/2026,17h,8,589,50,29450
28/03/2026,17h,7L,1532,14,21448
28/03/2026,17h,7,7777,7,54439
28/03/2026,17h,6L,8477,2,16954
28/03/2026,17h,6,42812,1,42812
28/03/2026,17h,0L,91885,1,91885
28/03/2026,18h,10,0,0,0
28/03/2026,18h,9L,5,1000,5000
28/03/2026,18h,9,16,500,8000
28/03/2026,18h,8L,131,100,13100
28/03/2026,18h,8,630,50,31500
28/03/2026,18h,7L,1685,14,23590
28/03/2026,18h,7,8422,7,58954
28/03/2026,18h,6L,9132,2,18264
28/03/2026,18h,6,45781,1,45781
28/03/2026,18h,0L,97144,1,97144
28/03/2026,19h,10,0,0,0
28/03/2026,19h,9L,12,1400,16800
28/03/2026,19h,9,27,981.4,26497.8
28/03/2026,19h,8L,244,181.9,44383.6
28/03/2026,19h,8,1128,94.3,106370.4
28/03/2026,19h,7L,2613,28.1,73425.3
28/03/2026,19h,7,13504,16.1,217414.4
28/03/2026,19h,6L,14457,5.3,76622.1
28/03/2026,19h,6,71649,2.6,186287.4
28/03/2026,19h,0L,149689,1.5,224533.5
04/04/2026,13h,10,0,0,0
04/04/2026,13h,9L,6,1000,6000
04/04/2026,13h,9,19,500,9500
04/04/2026,13h,8L,127,100,12700
04/04/2026,13h,8,504,50,25200
04/04/2026,13h,7L,1280,14,17920
04/04/2026,13h,7,6292,7,44044
04/04/2026,13h,6L,7456,2,14912
04/04/2026,13h,6,37331,1,37331
04/04/2026,13h,0L,82749,1,82749
04/04/2026,14h,10,0,0,0
04/04/2026,14h,9L,2,1000,2000
04/04/2026,14h,9,22,500,11000
04/04/2026,14h,8L,130,100,13000
04/04/2026,14h,8,666,50,33300
04/04/2026,14h,7L,1603,14,22442
04/04/2026,14h,7,7841,7,54887
04/04/2026,14h,6L,7590,2,15180
04/04/2026,14h,6,38375,1,38375
04/04/2026,14h,0L,74180,1,74180
04/04/2026,15h,10,0,0,0
04/04/2026,15h,9L,9,1000,9000
04/04/2026,15h,9,59,500,29500
04/04/2026,15h,8L,205,100,20500
04/04/2026,15h,8,980,50,49000
04/04/2026,15h,7L,1597,14,22358
04/04/2026,15h,7,8222,7,57554
04/04/2026,15h,6L,7564,2,15128
04/04/2026,15h,6,38435,1,38435
04/04/2026,15h,0L,77600,1,77600
04/04/2026,16h,10,0,0,0
04/04/2026,16h,9L,3,1000,3000
04/04/2026,16h,9,25,500,12500
04/04/2026,16h,8L,161,100,16100
04/04/2026,16h,8,788,50,39400
04/04/2026,16h,7L,1670,14,23380
04/04/2026,16h,7,8297,7,58079
04/04/2026,16h,6L,8141,2,16282
04/04/2026,16h,6,40950,1,40950
04/04/2026,16h,0L,79140,1,79140
04/04/2026,17h,10,0,0,0
04/04/2026,17h,9L,11,1000,11000
04/04/2026,17h,9,54,500,27000
04/04/2026,17h,8L,131,100,13100
04/04/2026,17h,8,623,50,31150
04/04/2026,17h,7L,1197,14,16758
04/04/2026,17h,7,5867,7,41069
04/04/2026,17h,6L,6873,2,13746
04/04/2026,17h,6,34109,1,34109
04/04/2026,17h,0L,84925,1,84925
04/04/2026,18h,10,0,0,0
04/04/2026,18h,9L,3,1000,3000
04/04/2026,18h,9,26,500,13000
04/04/2026,18h,8L,119,100,11900
04/04/2026,18h,8,695,50,34750
04/04/2026,18h,7L,1683,14,23562
04/04/2026,18h,7,8537,7,59759
04/04/2026,18h,6L,9200,2,18400
04/04/2026,18h,6,46631,1,46631
04/04/2026,18h,0L,88659,1,88659
04/04/2026,19h,10,1,700000,700000
04/04/2026,19h,9L,1,1000,1000
04/04/2026,19h,9,36,500,18000
04/04/2026,19h,8L,185,100,18500
04/04/2026,19h,8,965,50,48250
04/04/2026,19h,7L,2542,14,35588
04/04/2026,19h,7,12624,7,88368
04/04/2026,19h,6L,13726,2,27452
04/04/2026,19h,6,68664,1,68664
04/04/2026,19h,0L,147655,1,147655
11/04/2026,13h,10,0,0,0
11/04/2026,13h,9L,5,1000,5000
11/04/2026,13h,9,22,500,11000
11/04/2026,13h,8L,155,100,15500
11/04/2026,13h,8,746,50,37300
11/04/2026,13h,7L,1679,14,23506
11/04/2026,13h,7,8113,7,56791
11/04/2026,13h,6L,8032,2,16064
11/04/2026,13h,6,40137,1,40137
11/04/2026,13h,0L,81861,1,81861
11/04/2026,14h,10,0,0,0
11/04/2026,14h,9L,0,0,0
11/04/2026,14h,9,15,500,7500
11/04/2026,14h,8L,89,100,8900
11/04/2026,14h,8,354,50,17700
11/04/2026,14h,7L,1118,14,15652
11/04/2026,14h,7,5395,7,37765
11/04/2026,14h,6L,6522,2,13044
11/04/2026,14h,6,31809,1,31809
11/04/2026,14h,0L,72452,1,72452
11/04/2026,15h,10,1,300000,300000
11/04/2026,15h,9L,1,1000,1000
11/04/2026,15h,9,24,500,12000
11/04/2026,15h,8L,121,100,12100
11/04/2026,15h,8,650,50,32500
11/04/2026,15h,7L,1615,14,22610
11/04/2026,15h,7,8210,7,57470
11/04/2026,15h,6L,8309,2,16618
11/04/2026,15h,6,41277,1,41277
11/04/2026,15h,0L,73360,1,73360
11/04/2026,16h,10,0,0,0
11/04/2026,16h,9L,2,1000,2000
11/04/2026,16h,9,26,500,13000
11/04/2026,16h,8L,131,100,13100
11/04/2026,16h,8,686,50,34300
11/04/2026,16h,7L,1480,14,20720
11/04/2026,16h,7,7587,7,53109
11/04/2026,16h,6L,7573,2,15146
11/04/2026,16h,6,38363,1,38363
11/04/2026,16h,0L,74521,1,74521
11/04/2026,17h,10,0,0,0
11/04/2026,17h,9L,1,1000,1000
11/04/2026,17h,9,15,500,7500
11/04/2026,17h,8L,119,100,11900
11/04/2026,17h,8,613,50,30650
11/04/2026,17h,7L,1454,14,20356
11/04/2026,17h,7,7406,7,51842
11/04/2026,17h,6L,7795,2,15590
11/04/2026,17h,6,38666,1,38666
11/04/2026,17h,0L,77853,1,77853
11/04/2026,18h,10,0,0,0
11/04/2026,18h,9L,5,1000,5000
11/04/2026,18h,9,15,500,7500
11/04/2026,18h,8L,104,100,10400
11/04/2026,18h,8,601,50,30050
11/04/2026,18h,7L,1454,14,20356
11/04/2026,18h,7,7179,7,50253
11/04/2026,18h,6L,7449,2,14898
11/04/2026,18h,6,37981,1,37981
11/04/2026,18h,0L,83259,1,83259
11/04/2026,19h,10,0,0,0
11/04/2026,19h,9L,4,1960,7840
11/04/2026,19h,9,26,900,23400
11/04/2026,19h,8L,180,188.8,33984
11/04/2026,19h,8,926,93.1,86210.6
11/04/2026,19h,7L,2143,27.8,59575.4
11/04/2026,19h,7,10858,16,173728
11/04/2026,19h,6L,11784,5.2,61276.8
11/04/2026,19h,6,58961,2.6,153298.6
11/04/2026,19h,0L,124537,1.5,186805.5
18/04/2026,13h,10,0,0,0
18/04/2026,13h,9L,3,1000,3000
18/04/2026,13h,9,27,500,13500
18/04/2026,13h,8L,98,100,9800
18/04/2026,13h,8,523,50,26150
18/04/2026,13h,7L,1241,14,17374
18/04/2026,13h,7,6300,7,44100
18/04/2026,13h,6L,6874,2,13748
18/04/2026,13h,6,34031,1,34031
18/04/2026,13h,0L,73942,1,73942
18/04/2026,14h,10,0,0,0
18/04/2026,14h,9L,5,1000,5000
18/04/2026,14h,9,24,500,12000
18/04/2026,14h,8L,166,100,16600
18/04/2026,14h,8,763,50,38150
18/04/2026,14h,7L,1492,14,20888
18/04/2026,14h,7,7606,7,53242
18/04/2026,14h,6L,7109,2,14218
18/04/2026,14h,6,35651,1,35651
18/04/2026,14h,0L,65734,1,65734
18/04/2026,15h,10,0,0,0
18/04/2026,15h,9L,5,1000,5000
18/04/2026,15h,9,27,500,13500
18/04/2026,15h,8L,130,100,13000
18/04/2026,15h,8,648,50,32400
18/04/2026,15h,7L,1411,14,19754
18/04/2026,15h,7,7154,7,50078
18/04/2026,15h,6L,7223,2,14446
18/04/2026,15h,6,36150,1,36150
18/04/2026,15h,0L,69145,1,69145
18/04/2026,16h,10,1,400000,400000
18/04/2026,16h,9L,2,1000,2000
18/04/2026,16h,9,13,500,6500
18/04/2026,16h,8L,121,100,12100
18/04/2026,16h,8,563,50,28150
18/04/2026,16h,7L,1318,14,18452
18/04/2026,16h,7,6585,7,46095
18/04/2026,16h,6L,6978,2,13956
18/04/2026,16h,6,34880,1,34880
18/04/2026,16h,0L,71276,1,71276
18/04/2026,17h,10,0,0,0
18/04/2026,17h,9L,3,1000,3000
18/04/2026,17h,9,24,500,12000
18/04/2026,17h,8L,129,100,12900
18/04/2026,17h,8,698,50,34900
18/04/2026,17h,7L,1507,14,21098
18/04/2026,17h,7,7144,7,50008
18/04/2026,17h,6L,7104,2,14208
18/04/2026,17h,6,35758,1,35758
18/04/2026,17h,0L,72178,1,72178
18/04/2026,18h,10,0,0,0
18/04/2026,18h,9L,14,1000,14000
18/04/2026,18h,9,49,500,24500
18/04/2026,18h,8L,247,100,24700
18/04/2026,18h,8,1304,50,65200
18/04/2026,18h,7L,1873,14,26222
18/04/2026,18h,7,9742,7,68194
18/04/2026,18h,6L,8370,2,16740
18/04/2026,18h,6,41421,1,41421
18/04/2026,18h,0L,74704,1,74704
18/04/2026,19h,10,1,300000,300000
18/04/2026,19h,9L,1,1000,1000
18/04/2026,19h,9,22,500,11000
18/04/2026,19h,8L,152,100,15200
18/04/2026,19h,8,732,50,36600
18/04/2026,19h,7L,1961,14,27454
18/04/2026,19h,7,9730,7,68110
18/04/2026,19h,6L,10664,2,21328
18/04/2026,19h,6,53083,1,53083
18/04/2026,19h,0L,111398,1,111398
25/04/2026,13h,10,1,100000,100000
25/04/2026,13h,9L,5,1000,5000
25/04/2026,13h,9,14,500,7000
25/04/2026,13h,8L,103,100,10300
25/04/2026,13h,8,497,50,24850
25/04/2026,13h,7L,1241,14,17374
25/04/2026,13h,7,6113,7,42791
25/04/2026,13h,6L,6712,2,13424
25/04/2026,13h,6,33881,1,33881
25/04/2026,13h,0L,70973,1,70973
25/04/2026,14h,10,0,0,0
25/04/2026,14h,9L,7,1000,7000
25/04/2026,14h,9,15,500,7500
25/04/2026,14h,8L,120,100,12000
25/04/2026,14h,8,586,50,29300
25/04/2026,14h,7L,1329,14,18606
25/04/2026,14h,7,6297,7,44079
25/04/2026,14h,6L,6587,2,13174
25/04/2026,14h,6,32854,1,32854
25/04/2026,14h,0L,62797,1,62797
25/04/2026,15h,10,0,0,0
25/04/2026,15h,9L,2,1000,2000
25/04/2026,15h,9,13,500,6500
25/04/2026,15h,8L,83,100,8300
25/04/2026,15h,8,426,50,21300
25/04/2026,15h,7L,971,14,13594
25/04/2026,15h,7,5284,7,36988
25/04/2026,15h,6L,5833,2,11666
25/04/2026,15h,6,29747,1,29747
25/04/2026,15h,0L,66813,1,66813
25/04/2026,16h,10,0,0,0
25/04/2026,16h,9L,1,1000,1000
25/04/2026,16h,9,18,500,9000
25/04/2026,16h,8L,125,100,12500
25/04/2026,16h,8,547,50,27350
25/04/2026,16h,7L,1203,14,16842
25/04/2026,16h,7,6327,7,44289
25/04/2026,16h,6L,6690,2,13380
25/04/2026,16h,6,33098,1,33098
25/04/2026,16h,0L,67579,1,67579
25/04/2026,17h,10,1,400000,400000
25/04/2026,17h,9L,7,1000,7000
25/04/2026,17h,9,18,500,9000
25/04/2026,17h,8L,118,100,11800
25/04/2026,17h,8,603,50,30150
25/04/2026,17h,7L,1481,14,20734
25/04/2026,17h,7,7395,7,51765
25/04/2026,17h,6L,7914,2,15828
25/04/2026,17h,6,38611,1,38611
25/04/2026,17h,0L,69721,1,69721
25/04/2026,18h,10,0,0,0
25/04/2026,18h,9L,6,1000,6000
25/04/2026,18h,9,34,500,17000
25/04/2026,18h,8L,174,100,17400
25/04/2026,18h,8,866,50,43300
25/04/2026,18h,7L,1759,14,24626
25/04/2026,18h,7,8759,7,61313
25/04/2026,18h,6L,8615,2,17230
25/04/2026,18h,6,41892,1,41892
25/04/2026,18h,0L,70386,1,70386
25/04/2026,19h,10,0,0,0
25/04/2026,19h,9L,5,1384,6920
25/04/2026,19h,9,23,726,16698
25/04/2026,19h,8L,201,139.8,28099.8
25/04/2026,19h,8,939,71.2,66856.8
25/04/2026,19h,7L,2342,20.3,47542.6
25/04/2026,19h,7,11815,11.1,131146.5
25/04/2026,19h,6L,11499,3.6,41396.4
25/04/2026,19h,6,56527,1.8,101748.6
25/04/2026,19h,0L,100061,1.3,130079.3
02/05/2026,13h,10,0,0,0
02/05/2026,13h,9L,6,1000,6000
02/05/2026,13h,9,34,500,17000
02/05/2026,13h,8L,146,100,14600
02/05/2026,13h,8,784,50,39200
02/05/2026,13h,7L,1563,14,21882
02/05/2026,13h,7,8031,7,56217
02/05/2026,13h,6L,7502,2,15004
02/05/2026,13h,6,38076,1,38076
02/05/2026,13h,0L,69718,1,69718
02/05/2026,14h,10,0,0,0
02/05/2026,14h,9L,1,1000,1000
02/05/2026,14h,9,6,500,3000
02/05/2026,14h,8L,81,100,8100
02/05/2026,14h,8,368,50,18400
02/05/2026,14h,7L,1051,14,14714
02/05/2026,14h,7,5105,7,35735
02/05/2026,14h,6L,5963,2,11926
02/05/2026,14h,6,29726,1,29726
02/05/2026,14h,0L,64471,1,64471
02/05/2026,15h,10,0,0,0
02/05/2026,15h,9L,4,1000,4000
02/05/2026,15h,9,10,500,5000
02/05/2026,15h,8L,101,100,10100
02/05/2026,15h,8,528,50,26400
02/05/2026,15h,7L,1246,14,17444
02/05/2026,15h,7,6504,7,45528
02/05/2026,15h,6L,6711,2,13422
02/05/2026,15h,6,33475,1,33475
02/05/2026,15h,0L,67054,1,67054
02/05/2026,16h,10,0,0,0
02/05/2026,16h,9L,3,1000,3000
02/05/2026,16h,9,10,500,5000
02/05/2026,16h,8L,90,100,9000
02/05/2026,16h,8,478,50,23900
02/05/2026,16h,7L,1077,14,15078
02/05/2026,16h,7,5701,7,39907
02/05/2026,16h,6L,6286,2,12572
02/05/2026,16h,6,31030,1,31030
02/05/2026,16h,0L,69524,1,69524
02/05/2026,17h,10,0,0,0
02/05/2026,17h,9L,3,1000,3000
02/05/2026,17h,9,14,500,7000
02/05/2026,17h,8L,101,100,10100
02/05/2026,17h,8,509,50,25450
02/05/2026,17h,7L,1211,14,16954
02/05/2026,17h,7,6120,7,42840
02/05/2026,17h,6L,6461,2,12922
02/05/2026,17h,6,33395,1,33395
02/05/2026,17h,0L,73357,1,73357
02/05/2026,18h,10,0,0,0
02/05/2026,18h,9L,3,1000,3000
02/05/2026,18h,9,20,500,10000
02/05/2026,18h,8L,99,100,9900
02/05/2026,18h,8,509,50,25450
02/05/2026,18h,7L,1293,14,18102
02/05/2026,18h,7,6496,7,45472
02/05/2026,18h,6L,7382,2,14764
02/05/2026,18h,6,36287,1,36287
02/05/2026,18h,0L,78215,1,78215
02/05/2026,19h,10,0,0,0
02/05/2026,19h,9L,5,2344,11720
02/05/2026,19h,9,29,1127.5,32697.5
02/05/2026,19h,8L,152,284.2,43198.4
02/05/2026,19h,8,828,134.5,111366
02/05/2026,19h,7L,2127,38.3,81464.1
02/05/2026,19h,7,10646,23.1,245922.6
02/05/2026,19h,6L,11732,7.7,90336.4
02/05/2026,19h,6,57619,3.9,224714.1
02/05/2026,19h,0L,124618,1.9,236774.2
09/05/2026,13h,10,0,0,0
09/05/2026,13h,9L,3,1000,3000
09/05/2026,13h,9,20,500,10000
09/05/2026,13h,8L,134,100,13400
09/05/2026,13h,8,615,50,30750
09/05/2026,13h,7L,1445,14,20230
09/05/2026,13h,7,7307,7,51149
09/05/2026,13h,6L,8092,2,16184
09/05/2026,13h,6,39937,1,39937
09/05/2026,13h,0L,73005,1,73005
09/05/2026,14h,10,0,0,0
09/05/2026,14h,9L,2,1000,2000
09/05/2026,14h,9,19,500,9500
09/05/2026,14h,8L,89,100,8900
09/05/2026,14h,8,535,50,26750
09/05/2026,14h,7L,1191,14,16674
09/05/2026,14h,7,6161,7,43127
09/05/2026,14h,6L,6474,2,12948
09/05/2026,14h,6,32549,1,32549
09/05/2026,14h,0L,66485,1,66485
09/05/2026,15h,10,0,0,0
09/05/2026,15h,9L,3,1000,3000
09/05/2026,15h,9,19,500,9500
09/05/2026,15h,8L,92,100,9200
09/05/2026,15h,8,520,50,26000
09/05/2026,15h,7L,1143,14,16002
09/05/2026,15h,7,5684,7,39788
09/05/2026,15h,6L,6355,2,12710
09/05/2026,15h,6,31911,1,31911
09/05/2026,15h,0L,69543,1,69543
09/05/2026,16h,10,0,0,0
09/05/2026,16h,9L,3,1000,3000
09/05/2026,16h,9,12,500,6000
09/05/2026,16h,8L,111,100,11100
09/05/2026,16h,8,523,50,26150
09/05/2026,16h,7L,1315,14,18410
09/05/2026,16h,7,6358,7,44506
09/05/2026,16h,6L,6749,2,13498
09/05/2026,16h,6,33760,1,33760
09/05/2026,16h,0L,71410,1,71410
09/05/2026,17h,10,0,0,0
09/05/2026,17h,9L,2,1000,2000
09/05/2026,17h,9,12,500,6000
09/05/2026,17h,8L,92,100,9200
09/05/2026,17h,8,503,50,25150
09/05/2026,17h,7L,1178,14,16492
09/05/2026,17h,7,5520,7,38640
09/05/2026,17h,6L,6352,2,12704
09/05/2026,17h,6,31343,1,31343
09/05/2026,17h,0L,76110,1,76110
09/05/2026,18h,10,0,0,0
09/05/2026,18h,9L,2,1000,2000
09/05/2026,18h,9,34,500,17000
09/05/2026,18h,8L,140,100,14000
09/05/2026,18h,8,806,50,40300
09/05/2026,18h,7L,1680,14,23520
09/05/2026,18h,7,8632,7,60424
09/05/2026,18h,6L,8356,2,16712
09/05/2026,18h,6,41718,1,41718
09/05/2026,18h,0L,78466,1,78466
09/05/2026,19h,10,0,0,0
09/05/2026,19h,9L,10,1672,16720
09/05/2026,19h,9,44,913.6,40198.4
09/05/2026,19h,8L,266,205.2,54583.2
09/05/2026,19h,8,1293,104.1,134601.3
09/05/2026,19h,7L,2677,33.3,89144.1
09/05/2026,19h,7,13393,19.8,265181.4
09/05/2026,19h,6L,13507,7,94549
09/05/2026,19h,6,67535,3.5,236372.5
09/05/2026,19h,0L,129257,1.8,232662.6
16/05/2026,13h,10,1,100000,100000
16/05/2026,13h,9L,2,1000,2000
16/05/2026,13h,9,13,500,6500
16/05/2026,13h,8L,83,100,8300
16/05/2026,13h,8,482,50,24100
16/05/2026,13h,7L,1208,14,16912
16/05/2026,13h,7,6008,7,42056
16/05/2026,13h,6L,6539,2,13078
16/05/2026,13h,6,32639,1,32639
16/05/2026,13h,0L,72598,1,72598
16/05/2026,14h,10,0,0,0
16/05/2026,14h,9L,6,1000,6000
16/05/2026,14h,9,17,500,8500
16/05/2026,14h,8L,93,100,9300
16/05/2026,14h,8,445,50,22250
16/05/2026,14h,7L,1154,14,16156
16/05/2026,14h,7,5851,7,40957
16/05/2026,14h,6L,6311,2,12622
16/05/2026,14h,6,31310,1,31310
16/05/2026,14h,0L,63895,1,63895
16/05/2026,15h,10,0,0,0
16/05/2026,15h,9L,4,1000,4000
16/05/2026,15h,9,41,500,20500
16/05/2026,15h,8L,125,100,12500
16/05/2026,15h,8,516,50,25800
16/05/2026,15h,7L,1329,14,18606
16/05/2026,15h,7,6184,7,43288
16/05/2026,15h,6L,6575,2,13150
16/05/2026,15h,6,33326,1,33326
16/05/2026,15h,0L,67349,1,67349
16/05/2026,16h,10,0,0,0
16/05/2026,16h,9L,1,1000,1000
16/05/2026,16h,9,16,500,8000
16/05/2026,16h,8L,118,100,11800
16/05/2026,16h,8,531,50,26550
16/05/2026,16h,7L,1283,14,17962
16/05/2026,16h,7,6372,7,44604
16/05/2026,16h,6L,6526,2,13052
16/05/2026,16h,6,33343,1,33343
16/05/2026,16h,0L,69228,1,69228
16/05/2026,17h,10,1,400000,400000
16/05/2026,17h,9L,6,1000,6000
16/05/2026,17h,9,16,500,8000
16/05/2026,17h,8L,105,100,10500
16/05/2026,17h,8,507,50,25350
16/05/2026,17h,7L,1230,14,17220
16/05/2026,17h,7,6380,7,44660
16/05/2026,17h,6L,6844,2,13688
16/05/2026,17h,6,34105,1,34105
16/05/2026,17h,0L,72802,1,72802
16/05/2026,18h,10,0,0,0
16/05/2026,18h,9L,2,1000,2000
16/05/2026,18h,9,16,500,8000
16/05/2026,18h,8L,78,100,7800
16/05/2026,18h,8,416,50,20800
16/05/2026,18h,7L,1122,14,15708
16/05/2026,18h,7,5544,7,38808
16/05/2026,18h,6L,6170,2,12340
16/05/2026,18h,6,31859,1,31859
16/05/2026,18h,0L,75257,1,75257
16/05/2026,19h,10,0,0,0
16/05/2026,19h,9L,4,1480,5920
16/05/2026,19h,9,24,716.6,17198.4
16/05/2026,19h,8L,170,147,24990
16/05/2026,19h,8,811,74.6,60500.6
16/05/2026,19h,7L,1892,21.8,41245.6
16/05/2026,19h,7,9632,12.1,116547.2
16/05/2026,19h,6L,10187,3.9,39729.3
16/05/2026,19h,6,50968,1.9,96839.2
16/05/2026,19h,0L,110587,1.2,132704.4
23/05/2026,13h,10,1,100000,100000
23/05/2026,13h,9L,8,1000,8000
23/05/2026,13h,9,14,500,7000
23/05/2026,13h,8L,117,100,11700
23/05/2026,13h,8,499,50,24950
23/05/2026,13h,7L,1157,14,16198
23/05/2026,13h,7,6196,7,43372
23/05/2026,13h,6L,6380,2,12760
23/05/2026,13h,6,32004,1,32004
23/05/2026,13h,0L,65803,1,65803
23/05/2026,14h,10,0,0,0
23/05/2026,14h,9L,5,1000,5000
23/05/2026,14h,9,16,500,8000
23/05/2026,14h,8L,94,100,9400
23/05/2026,14h,8,447,50,22350
23/05/2026,14h,7L,1136,14,15904
23/05/2026,14h,7,5681,7,39767
23/05/2026,14h,6L,6003,2,12006
23/05/2026,14h,6,30726,1,30726
23/05/2026,14h,0L,59163,1,59163
23/05/2026,15h,10,0,0,0
23/05/2026,15h,9L,1,1000,1000
23/05/2026,15h,9,8,500,4000
23/05/2026,15h,8L,100,100,10000
23/05/2026,15h,8,463,50,23150
23/05/2026,15h,7L,1086,14,15204
23/05/2026,15h,7,5335,7,37345
23/05/2026,15h,6L,5716,2,11432
23/05/2026,15h,6,29116,1,29116
23/05/2026,15h,0L,62393,1,62393
23/05/2026,16h,10,0,0,0
23/05/2026,16h,9L,4,1000,4000
23/05/2026,16h,9,8,500,4000
23/05/2026,16h,8L,72,100,7200
23/05/2026,16h,8,407,50,20350
23/05/2026,16h,7L,938,14,13132
23/05/2026,16h,7,4950,7,34650
23/05/2026,16h,6L,5616,2,11232
23/05/2026,16h,6,27873,1,27873
23/05/2026,16h,0L,64060,1,64060
23/05/2026,17h,10,0,0,0
23/05/2026,17h,9L,2,1000,2000
23/05/2026,17h,9,13,500,6500
23/05/2026,17h,8L,80,100,8000
23/05/2026,17h,8,475,50,23750
23/05/2026,17h,7L,1214,14,16996
23/05/2026,17h,7,5525,7,38675
23/05/2026,17h,6L,6136,2,12272
23/05/2026,17h,6,30293,1,30293
23/05/2026,17h,0L,67166,1,67166
23/05/2026,18h,10,0,0,0
23/05/2026,18h,9L,2,1000,2000
23/05/2026,18h,9,18,500,9000
23/05/2026,18h,8L,104,100,10400
23/05/2026,18h,8,521,50,26050
23/05/2026,18h,7L,1189,14,16646
23/05/2026,18h,7,6125,7,42875
23/05/2026,18h,6L,6787,2,13574
23/05/2026,18h,6,33578,1,33578
23/05/2026,18h,0L,70612,1,70612
23/05/2026,19h,10,0,0,0
23/05/2026,19h,9L,3,2920,8760
23/05/2026,19h,9,26,1100,28600
23/05/2026,19h,8L,214,212.1,45389.4
23/05/2026,19h,8,994,110.3,109638.2
23/05/2026,19h,7L,2167,34.5,74761.5
23/05/2026,19h,7,10904,20.5,223532
23/05/2026,19h,6L,11326,7.1,80414.6
23/05/2026,19h,6,55350,3.6,199260
23/05/2026,19h,0L,117657,1.8,211782.6
30/05/2026,13h,10,0,0,0
30/05/2026,13h,9L,2,1000,2000
30/05/2026,13h,9,7,500,3500
30/05/2026,13h,8L,96,100,9600
30/05/2026,13h,8,383,50,19150
30/05/2026,13h,7L,1037,14,14518
30/05/2026,13h,7,5182,7,36274
30/05/2026,13h,6L,5742,2,11484
30/05/2026,13h,6,29603,1,29603
30/05/2026,13h,0L,66548,1,66548
30/05/2026,14h,10,0,0,0
30/05/2026,14h,9L,2,1000,2000
30/05/2026,14h,9,8,500,4000
30/05/2026,14h,8L,114,100,11400
30/05/2026,14h,8,484,50,24200
30/05/2026,14h,7L,1093,14,15302
30/05/2026,14h,7,5721,7,40047
30/05/2026,14h,6L,6164,2,12328
30/05/2026,14h,6,30540,1,30540
30/05/2026,14h,0L,60165,1,60165
30/05/2026,15h,10,0,0,0
30/05/2026,15h,9L,1,1000,1000
30/05/2026,15h,9,14,500,7000
30/05/2026,15h,8L,74,100,7400
30/05/2026,15h,8,384,50,19200
30/05/2026,15h,7L,1041,14,14574
30/05/2026,15h,7,5150,7,36050
30/05/2026,15h,6L,5908,2,11816
30/05/2026,15h,6,29599,1,29599
30/05/2026,15h,0L,63918,1,63918
30/05/2026,16h,10,0,0,0
30/05/2026,16h,9L,2,1000,2000
30/05/2026,16h,9,9,500,4500
30/05/2026,16h,8L,87,100,8700
30/05/2026,16h,8,450,50,22500
30/05/2026,16h,7L,1152,14,16128
30/05/2026,16h,7,5384,7,37688
30/05/2026,16h,6L,5912,2,11824
30/05/2026,16h,6,29986,1,29986
30/05/2026,16h,0L,66254,1,66254
30/05/2026,17h,10,0,0,0
30/05/2026,17h,9L,3,1000,3000
30/05/2026,17h,9,13,500,6500
30/05/2026,17h,8L,120,100,12000
30/05/2026,17h,8,604,50,30200
30/05/2026,17h,7L,1303,14,18242
30/05/2026,17h,7,6339,7,44373
30/05/2026,17h,6L,6205,2,12410
30/05/2026,17h,6,31425,1,31425
30/05/2026,17h,0L,69160,1,69160
30/05/2026,18h,10,0,0,0
30/05/2026,18h,9L,1,1000,1000
30/05/2026,18h,9,19,500,9500
30/05/2026,18h,8L,124,100,12400
30/05/2026,18h,8,626,50,31300
30/05/2026,18h,7L,1427,14,19978
30/05/2026,18h,7,7092,7,49644
30/05/2026,18h,6L,7436,2,14872
30/05/2026,18h,6,36665,1,36665
30/05/2026,18h,0L,73079,1,73079
30/05/2026,19h,10,0,0,0
30/05/2026,19h,9L,4,2680,10720
30/05/2026,19h,9,37,991.8,36696.6
30/05/2026,19h,8L,217,229,49693
30/05/2026,19h,8,1079,114.8,123869.2
30/05/2026,19h,7L,2428,35.3,85708.4
30/05/2026,19h,7,12425,20.8,258440
30/05/2026,19h,6L,13263,7.1,94167.3
30/05/2026,19h,6,65603,3.5,229610.5
30/05/2026,19h,0L,130433,1.8,234779.4
06/06/2026,13h,10,0,0,0
06/06/2026,13h,9L,10,1000,10000
06/06/2026,13h,9,35,500,17500
06/06/2026,13h,8L,151,100,15100
06/06/2026,13h,8,714,50,35700
06/06/2026,13h,7L,1528,14,21392
06/06/2026,13h,7,7459,7,52213
06/06/2026,13h,6L,7365,2,14730
06/06/2026,13h,6,36499,1,36499
06/06/2026,13h,0L,71375,1,71375
06/06/2026,14h,10,1,200000,200000
06/06/2026,14h,9L,3,1000,3000
06/06/2026,14h,9,16,500,8000
06/06/2026,14h,8L,81,100,8100
06/06/2026,14h,8,467,50,23350
06/06/2026,14h,7L,1108,14,15512
06/06/2026,14h,7,5564,7,38948
06/06/2026,14h,6L,5897,2,11794
06/06/2026,14h,6,30078,1,30078
06/06/2026,14h,0L,64494,1,64494
06/06/2026,15h,10,0,0,0
06/06/2026,15h,9L,5,1000,5000
06/06/2026,15h,9,10,500,5000
06/06/2026,15h,8L,103,100,10300
06/06/2026,15h,8,496,50,24800
06/06/2026,15h,7L,1198,14,16772
06/06/2026,15h,7,5897,7,41279
06/06/2026,15h,6L,6517,2,13034
06/06/2026,15h,6,32512,1,32512
06/06/2026,15h,0L,65900,1,65900
06/06/2026,16h,10,0,0,0
06/06/2026,16h,9L,5,1000,5000
06/06/2026,16h,9,19,500,9500
06/06/2026,16h,8L,112,100,11200
06/06/2026,16h,8,475,50,23750
06/06/2026,16h,7L,1175,14,16450
06/06/2026,16h,7,5755,7,40285
06/06/2026,16h,6L,6479,2,12958
06/06/2026,16h,6,32124,1,32124
06/06/2026,16h,0L,67518,1,67518
06/06/2026,17h,10,1,300000,300000
06/06/2026,17h,9L,7,1000,7000
06/06/2026,17h,9,29,500,14500
06/06/2026,17h,8L,130,100,13000
06/06/2026,17h,8,628,50,31400
06/06/2026,17h,7L,1433,14,20062
06/06/2026,17h,7,6761,7,47327
06/06/2026,17h,6L,6984,2,13968
06/06/2026,17h,6,34367,1,34367
06/06/2026,17h,0L,70184,1,70184
06/06/2026,18h,10,0,0,0
06/06/2026,18h,9L,3,1000,3000
06/06/2026,18h,9,10,500,5000
06/06/2026,18h,8L,79,100,7900
06/06/2026,18h,8,462,50,23100
06/06/2026,18h,7L,1063,14,14882
06/06/2026,18h,7,5571,7,38997
06/06/2026,18h,6L,6418,2,12836
06/06/2026,18h,6,31229,1,31229
06/06/2026,18h,0L,74387,1,74387
06/06/2026,19h,10,0,0,0
06/06/2026,19h,9L,6,1320,7920
06/06/2026,19h,9,24,716.6,17198.4
06/06/2026,19h,8L,141,156.7,22094.7
06/06/2026,19h,8,739,77,56903
06/06/2026,19h,7L,1754,22.4,39289.6
06/06/2026,19h,7,8852,12.5,110650
06/06/2026,19h,6L,9477,4,37908
06/06/2026,19h,6,48497,2,96994
06/06/2026,19h,0L,112703,1.2,135243.6
13/06/2026,13h,10,0,0,0
13/06/2026,13h,9L,6,1000,6000
13/06/2026,13h,9,23,500,11500
13/06/2026,13h,8L,130,100,13000
13/06/2026,13h,8,666,50,33300
13/06/2026,13h,7L,1391,14,19474
13/06/2026,13h,7,6814,7,47698
13/06/2026,13h,6L,6813,2,13626
13/06/2026,13h,6,33986,1,33986
13/06/2026,13h,0L,67372,1,67372
13/06/2026,14h,10,0,0,0
13/06/2026,14h,9L,4,1000,4000
13/06/2026,14h,9,11,500,5500
13/06/2026,14h,8L,81,100,8100
13/06/2026,14h,8,421,50,21050
13/06/2026,14h,7L,1017,14,14238
13/06/2026,14h,7,5329,7,37303
13/06/2026,14h,6L,5535,2,11070
13/06/2026,14h,6,27727,1,27727
13/06/2026,14h,0L,61655,1,61655
13/06/2026,15h,10,0,0,0
13/06/2026,15h,9L,5,1000,5000
13/06/2026,15h,9,12,500,6000
13/06/2026,15h,8L,102,100,10200
13/06/2026,15h,8,478,50,23900
13/06/2026,15h,7L,1216,14,17024
13/06/2026,15h,7,6107,7,42749
13/06/2026,15h,6L,6600,2,13200
13/06/2026,15h,6,32946,1,32946
13/06/2026,15h,0L,64082,1,64082
13/06/2026,16h,10,0,0,0
13/06/2026,16h,9L,3,1000,3000
13/06/2026,16h,9,15,500,7500
13/06/2026,16h,8L,99,100,9900
13/06/2026,16h,8,493,50,24650
13/06/2026,16h,7L,1193,14,16702
13/06/2026,16h,7,6077,7,42539
13/06/2026,16h,6L,6489,2,12978
13/06/2026,16h,6,32773,1,32773
13/06/2026,16h,0L,66079,1,66079
13/06/2026,17h,10,1,500000,500000
13/06/2026,17h,9L,3,1000,3000
13/06/2026,17h,9,14,500,7000
13/06/2026,17h,8L,114,100,11400
13/06/2026,17h,8,564,50,28200
13/06/2026,17h,7L,1159,14,16226
13/06/2026,17h,7,5931,7,41517
13/06/2026,17h,6L,6491,2,12982
13/06/2026,17h,6,32483,1,32483
13/06/2026,17h,0L,69796,1,69796
13/06/2026,18h,10,1,100000,100000
13/06/2026,18h,9L,5,1000,5000
13/06/2026,18h,9,23,500,11500
13/06/2026,18h,8L,129,100,12900
13/06/2026,18h,8,700,50,35000
13/06/2026,18h,7L,1485,14,20790
13/06/2026,18h,7,7241,7,50687
13/06/2026,18h,6L,7364,2,14728
13/06/2026,18h,6,36232,1,36232
13/06/2026,18h,0L,69829,1,69829
13/06/2026,19h,10,0,0,0
13/06/2026,19h,9L,8,1120,8960
13/06/2026,19h,9,26,600,15600
13/06/2026,19h,8L,194,120.6,23396.4
13/06/2026,19h,8,854,61.7,52691.8
13/06/2026,19h,7L,2063,17.5,36102.5
13/06/2026,19h,7,10154,9.4,95447.6
13/06/2026,19h,6L,10455,2.9,30319.5
13/06/2026,19h,6,52734,1.4,73827.6
13/06/2026,19h,0L,103144,1.1,113458.4
20/06/2026,13h,10,1,100000,100000
20/06/2026,13h,9L,1,1000,1000
20/06/2026,13h,9,19,500,9500
20/06/2026,13h,8L,114,100,11400
20/06/2026,13h,8,569,50,28450
20/06/2026,13h,7L,1356,14,18984
20/06/2026,13h,7,6455,7,45185
20/06/2026,13h,6L,6537,2,13074
20/06/2026,13h,6,32968,1,32968
20/06/2026,13h,0L,60251,1,60251
20/06/2026,14h,10,0,0,0
20/06/2026,14h,9L,3,1000,3000
20/06/2026,14h,9,11,500,5500
20/06/2026,14h,8L,94,100,9400
20/06/2026,14h,8,450,50,22500
20/06/2026,14h,7L,1046,14,14644
20/06/2026,14h,7,5389,7,37723
20/06/2026,14h,6L,5513,2,11026
20/06/2026,14h,6,27089,1,27089
20/06/2026,14h,0L,56376,1,56376
20/06/2026,15h,10,0,0,0
20/06/2026,15h,9L,1,1000,1000
20/06/2026,15h,9,12,500,6000
20/06/2026,15h,8L,66,100,6600
20/06/2026,15h,8,477,50,23850
20/06/2026,15h,7L,1146,14,16044
20/06/2026,15h,7,5475,7,38325
20/06/2026,15h,6L,5623,2,11246
20/06/2026,15h,6,28790,1,28790
20/06/2026,15h,0L,58386,1,58386
20/06/2026,16h,10,0,0,0
20/06/2026,16h,9L,4,1000,4000
20/06/2026,16h,9,9,500,4500
20/06/2026,16h,8L,73,100,7300
20/06/2026,16h,8,431,50,21550
20/06/2026,16h,7L,1081,14,15134
20/06/2026,16h,7,5418,7,37926
20/06/2026,16h,6L,6137,2,12274
20/06/2026,16h,6,30189,1,30189
20/06/2026,16h,0L,59745,1,59745
20/06/2026,17h,10,1,400000,400000
20/06/2026,17h,9L,5,1000,5000
20/06/2026,17h,9,11,500,5500
20/06/2026,17h,8L,77,100,7700
20/06/2026,17h,8,387,50,19350
20/06/2026,17h,7L,943,14,13202
20/06/2026,17h,7,4707,7,32949
20/06/2026,17h,6L,5232,2,10464
20/06/2026,17h,6,26329,1,26329
20/06/2026,17h,0L,64661,1,64661
20/06/2026,18h,10,1,100000,100000
20/06/2026,18h,9L,4,1000,4000
20/06/2026,18h,9,9,500,4500
20/06/2026,18h,8L,87,100,8700
20/06/2026,18h,8,395,50,19750
20/06/2026,18h,7L,1021,14,14294
20/06/2026,18h,7,4915,7,34405
20/06/2026,18h,6L,5775,2,11550
20/06/2026,18h,6,28234,1,28234
20/06/2026,18h,0L,66174,1,66174
20/06/2026,19h,10,0,0,0
20/06/2026,19h,9L,6,1160,6960
20/06/2026,19h,9,21,623.8,13099.8
20/06/2026,19h,8L,144,127.7,18388.8
20/06/2026,19h,8,728,63.7,46373.6
20/06/2026,19h,7L,1857,17.9,33240.3
20/06/2026,19h,7,9165,9.6,87984
20/06/2026,19h,6L,9933,2.9,28805.7
20/06/2026,19h,6,49157,1.4,68819.8
20/06/2026,19h,0L,93432,1.1,102775.2
